Task_ID,Part_Name,DEL_QTY,Node_ID Source,Lineside_Address,Lineside_Group,Outbound_Path,Return_Path,One_Way_Dist,Return_Dist,Round_Trip_Meters,Travel_Time_Secs,Service_Time_Secs,Total_Cycle_Secs
DASH PNL INSULATOR_1,DASH PNL INSULATOR,10,I_14,TR3,Trimline RH,I_14 -> I_19 -> EG_R1 -> EG_R2 -> EG_R3 -> CR1 -> CR2 -> CR3 -> CR4 -> CR5 -> CR6 -> CR7 -> I_20 -> TR1 -> TR2 -> TR3,TR3 -> TR4 -> TR5 -> TR6 -> TR7 -> TR8 -> TR9 -> TR10 -> I_19 -> I_14,157.63,84.75,242.38,387.81,24,411.81
DASH PNL INSULATOR_2,DASH PNL INSULATOR,10,I_14,TR3,Trimline RH,I_14 -> I_19 -> EG_R1 -> EG_R2 -> EG_R3 -> CR1 -> CR2 -> CR3 -> CR4 -> CR5 -> CR6 -> CR7 -> I_20 -> TR1 -> TR2 -> TR3,TR3 -> TR4 -> TR5 -> TR6 -> TR7 -> TR8 -> TR9 -> TR10 -> I_19 -> I_14,157.63,84.75,242.38,387.81,24,411.81
DASH PNL INSULATOR_3,DASH PNL INSULATOR,10,I_14,TR3,Trimline RH,I_14 -> I_19 -> EG_R1 -> EG_R2 -> EG_R3 -> CR1 -> CR2 -> CR3 -> CR4 -> CR5 -> CR6 -> CR7 -> I_20 -> TR1 -> TR2 -> TR3,TR3 -> TR4 -> TR5 -> TR6 -> TR7 -> TR8 -> TR9 -> TR10 -> I_19 -> I_14,157.63,84.75,242.38,387.81,24,411.81
DASH PNL INSULATOR_4,DASH PNL INSULATOR,10,I_14,TR3,Trimline RH,I_14 -> I_19 -> EG_R1 -> EG_R2 -> EG_R3 -> CR1 -> CR2 -> CR3 -> CR4 -> CR5 -> CR6 -> CR7 -> I_20 -> TR1 -> TR2 -> TR3,TR3 -> TR4 -> TR5 -> TR6 -> TR7 -> TR8 -> TR9 -> TR10 -> I_19 -> I_14,157.63,84.75,242.38,387.81,24,411.81
DASH PNL INSULATOR_5,DASH PNL INSULATOR,10,I_14,TR3,Trimline RH,I_14 -> I_19 -> EG_R1 -> EG_R2 -> EG_R3 -> CR1 -> CR2 -> CR3 -> CR4 -> CR5 -> CR6 -> CR7 -> I_20 -> TR1 -> TR2 -> TR3,TR3 -> TR4 -> TR5 -> TR6 -> TR7 -> TR8 -> TR9 -> TR10 -> I_19 -> I_14,157.63,84.75,242.38,387.81,24,411.81
DASH PNL INSULATOR_6,DASH PNL INSULATOR,10,I_14,TR3,Trimline RH,I_14 -> I_19 -> EG_R1 -> EG_R2 -> EG_R3 -> CR1 -> CR2 -> CR3 -> CR4 -> CR5 -> CR6 -> CR7 -> I_20 -> TR1 -> TR2 -> TR3,TR3 -> TR4 -> TR5 -> TR6 -> TR7 -> TR8 -> TR9 -> TR10 -> I_19 -> I_14,157.63,84.75,242.38,387.81,24,411.81
HEADLINING_1,HEADLINING,10,SML_Dr,TR5,Trimline RH,SML_Dr -> SML_St -> I_21 -> I_19 -> EG_R1 -> EG_R2 -> EG_R3 -> CR1 -> CR2 -> CR3 -> CR4 -> CR5 -> CR6 -> CR7 -> I_20 -> TR1 -> TR2 -> TR3 -> TR4 -> TR5,TR5 -> TR6 -> TR7 -> TR8 -> TR9 -> TR10 -> I_19 -> I_21 -> SML_St -> SML_Dr,201.82,106.86,308.68,493.89,24,517.89
HEADLINING_2,HEADLINING,10,SML_Dr,TR5,Trimline RH,SML_Dr -> SML_St -> I_21 -> I_19 -> EG_R1 -> EG_R2 -> EG_R3 -> CR1 -> CR2 -> CR3 -> CR4 -> CR5 -> CR6 -> CR7 -> I_20 -> TR1 -> TR2 -> TR3 -> TR4 -> TR5,TR5 -> TR6 -> TR7 -> TR8 -> TR9 -> TR10 -> I_19 -> I_21 -> SML_St -> SML_Dr,201.82,106.86,308.68,493.89,24,517.89
HEADLINING_3,HEADLINING,10,SML_Dr,TR5,Trimline RH,SML_Dr -> SML_St -> I_21 -> I_19 -> EG_R1 -> EG_R2 -> EG_R3 -> CR1 -> CR2 -> CR3 -> CR4 -> CR5 -> CR6 -> CR7 -> I_20 -> TR1 -> TR2 -> TR3 -> TR4 -> TR5,TR5 -> TR6 -> TR7 -> TR8 -> TR9 -> TR10 -> I_19 -> I_21 -> SML_St -> SML_Dr,201.82,106.86,308.68,493.89,24,517.89
HEADLINING_4,HEADLINING,10,SML_Dr,TR5,Trimline RH,SML_Dr -> SML_St -> I_21 -> I_19 -> EG_R1 -> EG_R2 -> EG_R3 -> CR1 -> CR2 -> CR3 -> CR4 -> CR5 -> CR6 -> CR7 -> I_20 -> TR1 -> TR2 -> TR3 -> TR4 -> TR5,TR5 -> TR6 -> TR7 -> TR8 -> TR9 -> TR10 -> I_19 -> I_21 -> SML_St -> SML_Dr,201.82,106.86,308.68,493.89,24,517.89
HEADLINING_5,HEADLINING,10,SML_Dr,TR5,Trimline RH,SML_Dr -> SML_St -> I_21 -> I_19 -> EG_R1 -> EG_R2 -> EG_R3 -> CR1 -> CR2 -> CR3 -> CR4 -> CR5 -> CR6 -> CR7 -> I_20 -> TR1 -> TR2 -> TR3 -> TR4 -> TR5,TR5 -> TR6 -> TR7 -> TR8 -> TR9 -> TR10 -> I_19 -> I_21 -> SML_St -> SML_Dr,201.82,106.86,308.68,493.89,24,517.89
HEADLINING_6,HEADLINING,10,SML_Dr,TR5,Trimline RH,SML_Dr -> SML_St -> I_21 -> I_19 -> EG_R1 -> EG_R2 -> EG_R3 -> CR1 -> CR2 -> CR3 -> CR4 -> CR5 -> CR6 -> CR7 -> I_20 -> TR1 -> TR2 -> TR3 -> TR4 -> TR5,TR5 -> TR6 -> TR7 -> TR8 -> TR9 -> TR10 -> I_19 -> I_21 -> SML_St -> SML_Dr,201.82,106.86,308.68,493.89,24,517.89
CYLINDER ASSY BRAKE MASTER_1,CYLINDER ASSY BRAKE MASTER,10,I_14,TL1,Trimline LH,I_14 -> I_19 -> EG_R1 -> EG_R2 -> EG_R3 -> CR1 -> CR2 -> CR3 -> CR4 -> CR5 -> CR6 -> CR7 -> I_20 -> I_22 -> TL1,TL1 -> TL2 -> TL3 -> TL4 -> TL5 -> TL6 -> TL7 -> TL8 -> TL9 -> TL10 -> I_21 -> I_18 -> I_14,160.75,107.55,268.3,429.28,24,453.28
CYLINDER ASSY BRAKE MASTER_2,CYLINDER ASSY BRAKE MASTER,10,I_14,TL1,Trimline LH,I_14 -> I_19 -> EG_R1 -> EG_R2 -> EG_R3 -> CR1 -> CR2 -> CR3 -> CR4 -> CR5 -> CR6 -> CR7 -> I_20 -> I_22 -> TL1,TL1 -> TL2 -> TL3 -> TL4 -> TL5 -> TL6 -> TL7 -> TL8 -> TL9 -> TL10 -> I_21 -> I_18 -> I_14,160.75,107.55,268.3,429.28,24,453.28
CYLINDER ASSY BRAKE MASTER_3,CYLINDER ASSY BRAKE MASTER,10,I_14,TL1,Trimline LH,I_14 -> I_19 -> EG_R1 -> EG_R2 -> EG_R3 -> CR1 -> CR2 -> CR3 -> CR4 -> CR5 -> CR6 -> CR7 -> I_20 -> I_22 -> TL1,TL1 -> TL2 -> TL3 -> TL4 -> TL5 -> TL6 -> TL7 -> TL8 -> TL9 -> TL10 -> I_21 -> I_18 -> I_14,160.75,107.55,268.3,429.28,24,453.28
CYLINDER ASSY BRAKE MASTER_4,CYLINDER ASSY BRAKE MASTER,10,I_14,TL1,Trimline LH,I_14 -> I_19 -> EG_R1 -> EG_R2 -> EG_R3 -> CR1 -> CR2 -> CR3 -> CR4 -> CR5 -> CR6 -> CR7 -> I_20 -> I_22 -> TL1,TL1 -> TL2 -> TL3 -> TL4 -> TL5 -> TL6 -> TL7 -> TL8 -> TL9 -> TL10 -> I_21 -> I_18 -> I_14,160.75,107.55,268.3,429.28,24,453.28
CYLINDER ASSY BRAKE MASTER_5,CYLINDER ASSY BRAKE MASTER,10,I_14,TL1,Trimline LH,I_14 -> I_19 -> EG_R1 -> EG_R2 -> EG_R3 -> CR1 -> CR2 -> CR3 -> CR4 -> CR5 -> CR6 -> CR7 -> I_20 -> I_22 -> TL1,TL1 -> TL2 -> TL3 -> TL4 -> TL5 -> TL6 -> TL7 -> TL8 -> TL9 -> TL10 -> I_21 -> I_18 -> I_14,160.75,107.55,268.3,429.28,24,453.28
CYLINDER ASSY BRAKE MASTER_6,CYLINDER ASSY BRAKE MASTER,10,I_14,TL1,Trimline LH,I_14 -> I_19 -> EG_R1 -> EG_R2 -> EG_R3 -> CR1 -> CR2 -> CR3 -> CR4 -> CR5 -> CR6 -> CR7 -> I_20 -> I_22 -> TL1,TL1 -> TL2 -> TL3 -> TL4 -> TL5 -> TL6 -> TL7 -> TL8 -> TL9 -> TL10 -> I_21 -> I_18 -> I_14,160.75,107.55,268.3,429.28,24,453.28
"PAD S/A, INST PNL SAFETY, LOWER_1","PAD S/A, INST PNL SAFETY, LOWER",10,I_14,TL4,Trimline LH,I_14 -> I_19 -> EG_R1 -> EG_R2 -> EG_R3 -> CR1 -> CR2 -> CR3 -> CR4 -> CR5 -> CR6 -> CR7 -> I_20 -> I_22 -> TL1 -> TL2 -> TL3 -> TL4,TL4 -> TL5 -> TL6 -> TL7 -> TL8 -> TL9 -> TL10 -> I_21 -> I_18 -> I_14,177.3,91,268.3,429.28,24,453.28
"PAD S/A, INST PNL SAFETY, LOWER_2","PAD S/A, INST PNL SAFETY, LOWER",10,I_14,TL4,Trimline LH,I_14 -> I_19 -> EG_R1 -> EG_R2 -> EG_R3 -> CR1 -> CR2 -> CR3 -> CR4 -> CR5 -> CR6 -> CR7 -> I_20 -> I_22 -> TL1 -> TL2 -> TL3 -> TL4,TL4 -> TL5 -> TL6 -> TL7 -> TL8 -> TL9 -> TL10 -> I_21 -> I_18 -> I_14,177.3,91,268.3,429.28,24,453.28
"PAD S/A, INST PNL SAFETY, LOWER_3","PAD S/A, INST PNL SAFETY, LOWER",10,I_14,TL4,Trimline LH,I_14 -> I_19 -> EG_R1 -> EG_R2 -> EG_R3 -> CR1 -> CR2 -> CR3 -> CR4 -> CR5 -> CR6 -> CR7 -> I_20 -> I_22 -> TL1 -> TL2 -> TL3 -> TL4,TL4 -> TL5 -> TL6 -> TL7 -> TL8 -> TL9 -> TL10 -> I_21 -> I_18 -> I_14,177.3,91,268.3,429.28,24,453.28
"PAD S/A, INST PNL SAFETY, LOWER_4","PAD S/A, INST PNL SAFETY, LOWER",10,I_14,TL4,Trimline LH,I_14 -> I_19 -> EG_R1 -> EG_R2 -> EG_R3 -> CR1 -> CR2 -> CR3 -> CR4 -> CR5 -> CR6 -> CR7 -> I_20 -> I_22 -> TL1 -> TL2 -> TL3 -> TL4,TL4 -> TL5 -> TL6 -> TL7 -> TL8 -> TL9 -> TL10 -> I_21 -> I_18 -> I_14,177.3,91,268.3,429.28,24,453.28
"PAD S/A, INST PNL SAFETY, LOWER_5","PAD S/A, INST PNL SAFETY, LOWER",10,I_14,TL4,Trimline LH,I_14 -> I_19 -> EG_R1 -> EG_R2 -> EG_R3 -> CR1 -> CR2 -> CR3 -> CR4 -> CR5 -> CR6 -> CR7 -> I_20 -> I_22 -> TL1 -> TL2 -> TL3 -> TL4,TL4 -> TL5 -> TL6 -> TL7 -> TL8 -> TL9 -> TL10 -> I_21 -> I_18 -> I_14,177.3,91,268.3,429.28,24,453.28
"PAD S/A, INST PNL SAFETY, LOWER_6","PAD S/A, INST PNL SAFETY, LOWER",10,I_14,TL4,Trimline LH,I_14 -> I_19 -> EG_R1 -> EG_R2 -> EG_R3 -> CR1 -> CR2 -> CR3 -> CR4 -> CR5 -> CR6 -> CR7 -> I_20 -> I_22 -> TL1 -> TL2 -> TL3 -> TL4,TL4 -> TL5 -> TL6 -> TL7 -> TL8 -> TL9 -> TL10 -> I_21 -> I_18 -> I_14,177.3,91,268.3,429.28,24,453.28
"REINFORCEMENT S/A, INS'T PNL_1","REINFORCEMENT S/A, INS'T PNL",10,I_14,TL6,Trimline LH,I_14 -> I_19 -> EG_R1 -> EG_R2 -> EG_R3 -> CR1 -> CR2 -> CR3 -> CR4 -> CR5 -> CR6 -> CR7 -> I_20 -> I_22 -> TL1 -> TL2 -> TL3 -> TL4 -> TL5 -> TL6,TL6 -> TL7 -> TL8 -> TL9 -> TL10 -> I_21 -> I_18 -> I_14,188.33,79.97,268.3,429.28,24,453.28
"REINFORCEMENT S/A, INS'T PNL_2","REINFORCEMENT S/A, INS'T PNL",10,I_14,TL6,Trimline LH,I_14 -> I_19 -> EG_R1 -> EG_R2 -> EG_R3 -> CR1 -> CR2 -> CR3 -> CR4 -> CR5 -> CR6 -> CR7 -> I_20 -> I_22 -> TL1 -> TL2 -> TL3 -> TL4 -> TL5 -> TL6,TL6 -> TL7 -> TL8 -> TL9 -> TL10 -> I_21 -> I_18 -> I_14,188.33,79.97,268.3,429.28,24,453.28
"REINFORCEMENT S/A, INS'T PNL_3","REINFORCEMENT S/A, INS'T PNL",10,I_14,TL6,Trimline LH,I_14 -> I_19 -> EG_R1 -> EG_R2 -> EG_R3 -> CR1 -> CR2 -> CR3 -> CR4 -> CR5 -> CR6 -> CR7 -> I_20 -> I_22 -> TL1 -> TL2 -> TL3 -> TL4 -> TL5 -> TL6,TL6 -> TL7 -> TL8 -> TL9 -> TL10 -> I_21 -> I_18 -> I_14,188.33,79.97,268.3,429.28,24,453.28
"REINFORCEMENT S/A, INS'T PNL_4","REINFORCEMENT S/A, INS'T PNL",10,I_14,TL6,Trimline LH,I_14 -> I_19 -> EG_R1 -> EG_R2 -> EG_R3 -> CR1 -> CR2 -> CR3 -> CR4 -> CR5 -> CR6 -> CR7 -> I_20 -> I_22 -> TL1 -> TL2 -> TL3 -> TL4 -> TL5 -> TL6,TL6 -> TL7 -> TL8 -> TL9 -> TL10 -> I_21 -> I_18 -> I_14,188.33,79.97,268.3,429.28,24,453.28
"REINFORCEMENT S/A, INS'T PNL_5","REINFORCEMENT S/A, INS'T PNL",10,I_14,TL6,Trimline LH,I_14 -> I_19 -> EG_R1 -> EG_R2 -> EG_R3 -> CR1 -> CR2 -> CR3 -> CR4 -> CR5 -> CR6 -> CR7 -> I_20 -> I_22 -> TL1 -> TL2 -> TL3 -> TL4 -> TL5 -> TL6,TL6 -> TL7 -> TL8 -> TL9 -> TL10 -> I_21 -> I_18 -> I_14,188.33,79.97,268.3,429.28,24,453.28
"REINFORCEMENT S/A, INS'T PNL_6","REINFORCEMENT S/A, INS'T PNL",10,I_14,TL6,Trimline LH,I_14 -> I_19 -> EG_R1 -> EG_R2 -> EG_R3 -> CR1 -> CR2 -> CR3 -> CR4 -> CR5 -> CR6 -> CR7 -> I_20 -> I_22 -> TL1 -> TL2 -> TL3 -> TL4 -> TL5 -> TL6,TL6 -> TL7 -> TL8 -> TL9 -> TL10 -> I_21 -> I_18 -> I_14,188.33,79.97,268.3,429.28,24,453.28
STEERING COLUMN_1,STEERING COLUMN,10,I_14,TL7,Trimline LH,I_14 -> I_19 -> EG_R1 -> EG_R2 -> EG_R3 -> CR1 -> CR2 -> CR3 -> CR4 -> CR5 -> CR6 -> CR7 -> I_20 -> I_22 -> TL1 -> TL2 -> TL3 -> TL4 -> TL5 -> TL6 -> TL7,TL7 -> TL8 -> TL9 -> TL10 -> I_21 -> I_18 -> I_14,193.85,74.45,268.3,429.28,24,453.28
STEERING COLUMN_2,STEERING COLUMN,10,I_14,TL7,Trimline LH,I_14 -> I_19 -> EG_R1 -> EG_R2 -> EG_R3 -> CR1 -> CR2 -> CR3 -> CR4 -> CR5 -> CR6 -> CR7 -> I_20 -> I_22 -> TL1 -> TL2 -> TL3 -> TL4 -> TL5 -> TL6 -> TL7,TL7 -> TL8 -> TL9 -> TL10 -> I_21 -> I_18 -> I_14,193.85,74.45,268.3,429.28,24,453.28
STEERING COLUMN_3,STEERING COLUMN,10,I_14,TL7,Trimline LH,I_14 -> I_19 -> EG_R1 -> EG_R2 -> EG_R3 -> CR1 -> CR2 -> CR3 -> CR4 -> CR5 -> CR6 -> CR7 -> I_20 -> I_22 -> TL1 -> TL2 -> TL3 -> TL4 -> TL5 -> TL6 -> TL7,TL7 -> TL8 -> TL9 -> TL10 -> I_21 -> I_18 -> I_14,193.85,74.45,268.3,429.28,24,453.28
STEERING COLUMN_4,STEERING COLUMN,10,I_14,TL7,Trimline LH,I_14 -> I_19 -> EG_R1 -> EG_R2 -> EG_R3 -> CR1 -> CR2 -> CR3 -> CR4 -> CR5 -> CR6 -> CR7 -> I_20 -> I_22 -> TL1 -> TL2 -> TL3 -> TL4 -> TL5 -> TL6 -> TL7,TL7 -> TL8 -> TL9 -> TL10 -> I_21 -> I_18 -> I_14,193.85,74.45,268.3,429.28,24,453.28
STEERING COLUMN_5,STEERING COLUMN,10,I_14,TL7,Trimline LH,I_14 -> I_19 -> EG_R1 -> EG_R2 -> EG_R3 -> CR1 -> CR2 -> CR3 -> CR4 -> CR5 -> CR6 -> CR7 -> I_20 -> I_22 -> TL1 -> TL2 -> TL3 -> TL4 -> TL5 -> TL6 -> TL7,TL7 -> TL8 -> TL9 -> TL10 -> I_21 -> I_18 -> I_14,193.85,74.45,268.3,429.28,24,453.28
STEERING COLUMN_6,STEERING COLUMN,10,I_14,TL7,Trimline LH,I_14 -> I_19 -> EG_R1 -> EG_R2 -> EG_R3 -> CR1 -> CR2 -> CR3 -> CR4 -> CR5 -> CR6 -> CR7 -> I_20 -> I_22 -> TL1 -> TL2 -> TL3 -> TL4 -> TL5 -> TL6 -> TL7,TL7 -> TL8 -> TL9 -> TL10 -> I_21 -> I_18 -> I_14,193.85,74.45,268.3,429.28,24,453.28
"PAD S/A, INS'T PNL SAFETY, UPPER_1","PAD S/A, INS'T PNL SAFETY, UPPER",10,I_14,TL8,Trimline LH,I_14 -> I_19 -> EG_R1 -> EG_R2 -> EG_R3 -> CR1 -> CR2 -> CR3 -> CR4 -> CR5 -> CR6 -> CR7 -> I_20 -> I_22 -> TL1 -> TL2 -> TL3 -> TL4 -> TL5 -> TL6 -> TL7 -> TL8,TL8 -> TL9 -> TL10 -> I_21 -> I_18 -> I_14,199.37,68.93,268.3,429.28,24,453.28
"PAD S/A, INS'T PNL SAFETY, UPPER_2","PAD S/A, INS'T PNL SAFETY, UPPER",10,I_14,TL8,Trimline LH,I_14 -> I_19 -> EG_R1 -> EG_R2 -> EG_R3 -> CR1 -> CR2 -> CR3 -> CR4 -> CR5 -> CR6 -> CR7 -> I_20 -> I_22 -> TL1 -> TL2 -> TL3 -> TL4 -> TL5 -> TL6 -> TL7 -> TL8,TL8 -> TL9 -> TL10 -> I_21 -> I_18 -> I_14,199.37,68.93,268.3,429.28,24,453.28
"PAD S/A, INS'T PNL SAFETY, UPPER_3","PAD S/A, INS'T PNL SAFETY, UPPER",10,I_14,TL8,Trimline LH,I_14 -> I_19 -> EG_R1 -> EG_R2 -> EG_R3 -> CR1 -> CR2 -> CR3 -> CR4 -> CR5 -> CR6 -> CR7 -> I_20 -> I_22 -> TL1 -> TL2 -> TL3 -> TL4 -> TL5 -> TL6 -> TL7 -> TL8,TL8 -> TL9 -> TL10 -> I_21 -> I_18 -> I_14,199.37,68.93,268.3,429.28,24,453.28
"PAD S/A, INS'T PNL SAFETY, UPPER_4","PAD S/A, INS'T PNL SAFETY, UPPER",10,I_14,TL8,Trimline LH,I_14 -> I_19 -> EG_R1 -> EG_R2 -> EG_R3 -> CR1 -> CR2 -> CR3 -> CR4 -> CR5 -> CR6 -> CR7 -> I_20 -> I_22 -> TL1 -> TL2 -> TL3 -> TL4 -> TL5 -> TL6 -> TL7 -> TL8,TL8 -> TL9 -> TL10 -> I_21 -> I_18 -> I_14,199.37,68.93,268.3,429.28,24,453.28
"PAD S/A, INS'T PNL SAFETY, UPPER_5","PAD S/A, INS'T PNL SAFETY, UPPER",10,I_14,TL8,Trimline LH,I_14 -> I_19 -> EG_R1 -> EG_R2 -> EG_R3 -> CR1 -> CR2 -> CR3 -> CR4 -> CR5 -> CR6 -> CR7 -> I_20 -> I_22 -> TL1 -> TL2 -> TL3 -> TL4 -> TL5 -> TL6 -> TL7 -> TL8,TL8 -> TL9 -> TL10 -> I_21 -> I_18 -> I_14,199.37,68.93,268.3,429.28,24,453.28
"PAD S/A, INS'T PNL SAFETY, UPPER_6","PAD S/A, INS'T PNL SAFETY, UPPER",10,I_14,TL8,Trimline LH,I_14 -> I_19 -> EG_R1 -> EG_R2 -> EG_R3 -> CR1 -> CR2 -> CR3 -> CR4 -> CR5 -> CR6 -> CR7 -> I_20 -> I_22 -> TL1 -> TL2 -> TL3 -> TL4 -> TL5 -> TL6 -> TL7 -> TL8,TL8 -> TL9 -> TL10 -> I_21 -> I_18 -> I_14,199.37,68.93,268.3,429.28,24,453.28
"AXLE ASSY, FR LH_1","AXLE ASSY, FR LH",10,I_14,CL2,Chassis LH,I_14 -> I_15 -> EG_L1 -> EG_L2 -> EG_L3 -> CL1 -> CL2,CL2 -> CL3 -> CL4 -> CL5 -> CL6 -> CL7 -> I_16 -> I_20 -> TR1 -> TR2 -> TR3 -> TR4 -> TR5 -> TR6 -> TR7 -> TR8 -> TR9 -> TR10 -> I_19 -> I_14,53.31,195.58,248.89,398.22,24,422.22
"AXLE ASSY, FR LH_2","AXLE ASSY, FR LH",10,I_14,CL2,Chassis LH,I_14 -> I_15 -> EG_L1 -> EG_L2 -> EG_L3 -> CL1 -> CL2,CL2 -> CL3 -> CL4 -> CL5 -> CL6 -> CL7 -> I_16 -> I_20 -> TR1 -> TR2 -> TR3 -> TR4 -> TR5 -> TR6 -> TR7 -> TR8 -> TR9 -> TR10 -> I_19 -> I_14,53.31,195.58,248.89,398.22,24,422.22
"AXLE ASSY, FR LH_3","AXLE ASSY, FR LH",10,I_14,CL2,Chassis LH,I_14 -> I_15 -> EG_L1 -> EG_L2 -> EG_L3 -> CL1 -> CL2,CL2 -> CL3 -> CL4 -> CL5 -> CL6 -> CL7 -> I_16 -> I_20 -> TR1 -> TR2 -> TR3 -> TR4 -> TR5 -> TR6 -> TR7 -> TR8 -> TR9 -> TR10 -> I_19 -> I_14,53.31,195.58,248.89,398.22,24,422.22
"AXLE ASSY, FR LH_4","AXLE ASSY, FR LH",10,I_14,CL2,Chassis LH,I_14 -> I_15 -> EG_L1 -> EG_L2 -> EG_L3 -> CL1 -> CL2,CL2 -> CL3 -> CL4 -> CL5 -> CL6 -> CL7 -> I_16 -> I_20 -> TR1 -> TR2 -> TR3 -> TR4 -> TR5 -> TR6 -> TR7 -> TR8 -> TR9 -> TR10 -> I_19 -> I_14,53.31,195.58,248.89,398.22,24,422.22
"AXLE ASSY, FR LH_5","AXLE ASSY, FR LH",10,I_14,CL2,Chassis LH,I_14 -> I_15 -> EG_L1 -> EG_L2 -> EG_L3 -> CL1 -> CL2,CL2 -> CL3 -> CL4 -> CL5 -> CL6 -> CL7 -> I_16 -> I_20 -> TR1 -> TR2 -> TR3 -> TR4 -> TR5 -> TR6 -> TR7 -> TR8 -> TR9 -> TR10 -> I_19 -> I_14,53.31,195.58,248.89,398.22,24,422.22
"AXLE ASSY, FR LH_6","AXLE ASSY, FR LH",10,I_14,CL2,Chassis LH,I_14 -> I_15 -> EG_L1 -> EG_L2 -> EG_L3 -> CL1 -> CL2,CL2 -> CL3 -> CL4 -> CL5 -> CL6 -> CL7 -> I_16 -> I_20 -> TR1 -> TR2 -> TR3 -> TR4 -> TR5 -> TR6 -> TR7 -> TR8 -> TR9 -> TR10 -> I_19 -> I_14,53.31,195.58,248.89,398.22,24,422.22
"ABSORBER ASSY, SHOCK FR LH_1","ABSORBER ASSY, SHOCK FR LH",10,I_18,CL2,Chassis LH,I_18 -> I_15 -> EG_L1 -> EG_L2 -> EG_L3 -> CL1 -> CL2,CL2 -> CL3 -> CL4 -> CL5 -> CL6 -> CL7 -> I_16 -> I_20 -> TR1 -> TR2 -> TR3 -> TR4 -> TR5 -> TR6 -> TR7 -> TR8 -> TR9 -> TR10 -> I_19 -> I_18,58.38,190.29,248.67,397.87,24,421.87
"ABSORBER ASSY, SHOCK FR LH_2","ABSORBER ASSY, SHOCK FR LH",10,I_18,CL2,Chassis LH,I_18 -> I_15 -> EG_L1 -> EG_L2 -> EG_L3 -> CL1 -> CL2,CL2 -> CL3 -> CL4 -> CL5 -> CL6 -> CL7 -> I_16 -> I_20 -> TR1 -> TR2 -> TR3 -> TR4 -> TR5 -> TR6 -> TR7 -> TR8 -> TR9 -> TR10 -> I_19 -> I_18,58.38,190.29,248.67,397.87,24,421.87
"ABSORBER ASSY, SHOCK FR LH_3","ABSORBER ASSY, SHOCK FR LH",10,I_18,CL2,Chassis LH,I_18 -> I_15 -> EG_L1 -> EG_L2 -> EG_L3 -> CL1 -> CL2,CL2 -> CL3 -> CL4 -> CL5 -> CL6 -> CL7 -> I_16 -> I_20 -> TR1 -> TR2 -> TR3 -> TR4 -> TR5 -> TR6 -> TR7 -> TR8 -> TR9 -> TR10 -> I_19 -> I_18,58.38,190.29,248.67,397.87,24,421.87
"ABSORBER ASSY, SHOCK FR LH_4","ABSORBER ASSY, SHOCK FR LH",10,I_18,CL2,Chassis LH,I_18 -> I_15 -> EG_L1 -> EG_L2 -> EG_L3 -> CL1 -> CL2,CL2 -> CL3 -> CL4 -> CL5 -> CL6 -> CL7 -> I_16 -> I_20 -> TR1 -> TR2 -> TR3 -> TR4 -> TR5 -> TR6 -> TR7 -> TR8 -> TR9 -> TR10 -> I_19 -> I_18,58.38,190.29,248.67,397.87,24,421.87
"ABSORBER ASSY, SHOCK FR LH_5","ABSORBER ASSY, SHOCK FR LH",10,I_18,CL2,Chassis LH,I_18 -> I_15 -> EG_L1 -> EG_L2 -> EG_L3 -> CL1 -> CL2,CL2 -> CL3 -> CL4 -> CL5 -> CL6 -> CL7 -> I_16 -> I_20 -> TR1 -> TR2 -> TR3 -> TR4 -> TR5 -> TR6 -> TR7 -> TR8 -> TR9 -> TR10 -> I_19 -> I_18,58.38,190.29,248.67,397.87,24,421.87
"ABSORBER ASSY, SHOCK FR LH_6","ABSORBER ASSY, SHOCK FR LH",10,I_18,CL2,Chassis LH,I_18 -> I_15 -> EG_L1 -> EG_L2 -> EG_L3 -> CL1 -> CL2,CL2 -> CL3 -> CL4 -> CL5 -> CL6 -> CL7 -> I_16 -> I_20 -> TR1 -> TR2 -> TR3 -> TR4 -> TR5 -> TR6 -> TR7 -> TR8 -> TR9 -> TR10 -> I_19 -> I_18,58.38,190.29,248.67,397.87,24,421.87
"AXLE ASSY, FR RH_1","AXLE ASSY, FR RH",10,I_14,CR2,Chassis RH,I_14 -> I_19 -> EG_R1 -> EG_R2 -> EG_R3 -> CR1 -> CR2,CR2 -> CR3 -> CR4 -> CR5 -> CR6 -> CR7 -> I_20 -> TR1 -> TR2 -> TR3 -> TR4 -> TR5 -> TR6 -> TR7 -> TR8 -> TR9 -> TR10 -> I_19 -> I_14,58.36,184.02,242.38,387.81,24,411.81
"AXLE ASSY, FR RH_2","AXLE ASSY, FR RH",10,I_14,CR2,Chassis RH,I_14 -> I_19 -> EG_R1 -> EG_R2 -> EG_R3 -> CR1 -> CR2,CR2 -> CR3 -> CR4 -> CR5 -> CR6 -> CR7 -> I_20 -> TR1 -> TR2 -> TR3 -> TR4 -> TR5 -> TR6 -> TR7 -> TR8 -> TR9 -> TR10 -> I_19 -> I_14,58.36,184.02,242.38,387.81,24,411.81
"AXLE ASSY, FR RH_3","AXLE ASSY, FR RH",10,I_14,CR2,Chassis RH,I_14 -> I_19 -> EG_R1 -> EG_R2 -> EG_R3 -> CR1 -> CR2,CR2 -> CR3 -> CR4 -> CR5 -> CR6 -> CR7 -> I_20 -> TR1 -> TR2 -> TR3 -> TR4 -> TR5 -> TR6 -> TR7 -> TR8 -> TR9 -> TR10 -> I_19 -> I_14,58.36,184.02,242.38,387.81,24,411.81
"AXLE ASSY, FR RH_4","AXLE ASSY, FR RH",10,I_14,CR2,Chassis RH,I_14 -> I_19 -> EG_R1 -> EG_R2 -> EG_R3 -> CR1 -> CR2,CR2 -> CR3 -> CR4 -> CR5 -> CR6 -> CR7 -> I_20 -> TR1 -> TR2 -> TR3 -> TR4 -> TR5 -> TR6 -> TR7 -> TR8 -> TR9 -> TR10 -> I_19 -> I_14,58.36,184.02,242.38,387.81,24,411.81
"AXLE ASSY, FR RH_5","AXLE ASSY, FR RH",10,I_14,CR2,Chassis RH,I_14 -> I_19 -> EG_R1 -> EG_R2 -> EG_R3 -> CR1 -> CR2,CR2 -> CR3 -> CR4 -> CR5 -> CR6 -> CR7 -> I_20 -> TR1 -> TR2 -> TR3 -> TR4 -> TR5 -> TR6 -> TR7 -> TR8 -> TR9 -> TR10 -> I_19 -> I_14,58.36,184.02,242.38,387.81,24,411.81
"AXLE ASSY, FR RH_6","AXLE ASSY, FR RH",10,I_14,CR2,Chassis RH,I_14 -> I_19 -> EG_R1 -> EG_R2 -> EG_R3 -> CR1 -> CR2,CR2 -> CR3 -> CR4 -> CR5 -> CR6 -> CR7 -> I_20 -> TR1 -> TR2 -> TR3 -> TR4 -> TR5 -> TR6 -> TR7 -> TR8 -> TR9 -> TR10 -> I_19 -> I_14,58.36,184.02,242.38,387.81,24,411.81
"ABSORBER ASSY, SHOCK FR RH_1","ABSORBER ASSY, SHOCK FR RH",10,I_18,CR2,Chassis RH,I_18 -> I_14 -> I_19 -> EG_R1 -> EG_R2 -> EG_R3 -> CR1 -> CR2,CR2 -> CR3 -> CR4 -> CR5 -> CR6 -> CR7 -> I_20 -> TR1 -> TR2 -> TR3 -> TR4 -> TR5 -> TR6 -> TR7 -> TR8 -> TR9 -> TR10 -> I_19 -> I_18,69.29,178.73,248.02,396.83,24,420.83
"ABSORBER ASSY, SHOCK FR RH_2","ABSORBER ASSY, SHOCK FR RH",10,I_18,CR2,Chassis RH,I_18 -> I_14 -> I_19 -> EG_R1 -> EG_R2 -> EG_R3 -> CR1 -> CR2,CR2 -> CR3 -> CR4 -> CR5 -> CR6 -> CR7 -> I_20 -> TR1 -> TR2 -> TR3 -> TR4 -> TR5 -> TR6 -> TR7 -> TR8 -> TR9 -> TR10 -> I_19 -> I_18,69.29,178.73,248.02,396.83,24,420.83
"ABSORBER ASSY, SHOCK FR RH_3","ABSORBER ASSY, SHOCK FR RH",10,I_18,CR2,Chassis RH,I_18 -> I_14 -> I_19 -> EG_R1 -> EG_R2 -> EG_R3 -> CR1 -> CR2,CR2 -> CR3 -> CR4 -> CR5 -> CR6 -> CR7 -> I_20 -> TR1 -> TR2 -> TR3 -> TR4 -> TR5 -> TR6 -> TR7 -> TR8 -> TR9 -> TR10 -> I_19 -> I_18,69.29,178.73,248.02,396.83,24,420.83
"ABSORBER ASSY, SHOCK FR RH_4","ABSORBER ASSY, SHOCK FR RH",10,I_18,CR2,Chassis RH,I_18 -> I_14 -> I_19 -> EG_R1 -> EG_R2 -> EG_R3 -> CR1 -> CR2,CR2 -> CR3 -> CR4 -> CR5 -> CR6 -> CR7 -> I_20 -> TR1 -> TR2 -> TR3 -> TR4 -> TR5 -> TR6 -> TR7 -> TR8 -> TR9 -> TR10 -> I_19 -> I_18,69.29,178.73,248.02,396.83,24,420.83
"ABSORBER ASSY, SHOCK FR RH_5","ABSORBER ASSY, SHOCK FR RH",10,I_18,CR2,Chassis RH,I_18 -> I_14 -> I_19 -> EG_R1 -> EG_R2 -> EG_R3 -> CR1 -> CR2,CR2 -> CR3 -> CR4 -> CR5 -> CR6 -> CR7 -> I_20 -> TR1 -> TR2 -> TR3 -> TR4 -> TR5 -> TR6 -> TR7 -> TR8 -> TR9 -> TR10 -> I_19 -> I_18,69.29,178.73,248.02,396.83,24,420.83
"ABSORBER ASSY, SHOCK FR RH_6","ABSORBER ASSY, SHOCK FR RH",10,I_18,CR2,Chassis RH,I_18 -> I_14 -> I_19 -> EG_R1 -> EG_R2 -> EG_R3 -> CR1 -> CR2,CR2 -> CR3 -> CR4 -> CR5 -> CR6 -> CR7 -> I_20 -> TR1 -> TR2 -> TR3 -> TR4 -> TR5 -> TR6 -> TR7 -> TR8 -> TR9 -> TR10 -> I_19 -> I_18,69.29,178.73,248.02,396.83,24,420.83
COIL SPRING FR/RR LH_1,COIL SPRING FR/RR LH,10,I_14,CL2,Chassis LH,I_14 -> I_15 -> EG_L1 -> EG_L2 -> EG_L3 -> CL1 -> CL2,CL2 -> CL3 -> CL4 -> CL5 -> CL6 -> CL7 -> I_16 -> I_20 -> TR1 -> TR2 -> TR3 -> TR4 -> TR5 -> TR6 -> TR7 -> TR8 -> TR9 -> TR10 -> I_19 -> I_14,53.31,195.58,248.89,398.22,24,422.22
COIL SPRING FR/RR LH_2,COIL SPRING FR/RR LH,10,I_14,CL2,Chassis LH,I_14 -> I_15 -> EG_L1 -> EG_L2 -> EG_L3 -> CL1 -> CL2,CL2 -> CL3 -> CL4 -> CL5 -> CL6 -> CL7 -> I_16 -> I_20 -> TR1 -> TR2 -> TR3 -> TR4 -> TR5 -> TR6 -> TR7 -> TR8 -> TR9 -> TR10 -> I_19 -> I_14,53.31,195.58,248.89,398.22,24,422.22
COIL SPRING FR/RR LH_3,COIL SPRING FR/RR LH,10,I_14,CL2,Chassis LH,I_14 -> I_15 -> EG_L1 -> EG_L2 -> EG_L3 -> CL1 -> CL2,CL2 -> CL3 -> CL4 -> CL5 -> CL6 -> CL7 -> I_16 -> I_20 -> TR1 -> TR2 -> TR3 -> TR4 -> TR5 -> TR6 -> TR7 -> TR8 -> TR9 -> TR10 -> I_19 -> I_14,53.31,195.58,248.89,398.22,24,422.22
COIL SPRING FR/RR LH_4,COIL SPRING FR/RR LH,10,I_14,CL2,Chassis LH,I_14 -> I_15 -> EG_L1 -> EG_L2 -> EG_L3 -> CL1 -> CL2,CL2 -> CL3 -> CL4 -> CL5 -> CL6 -> CL7 -> I_16 -> I_20 -> TR1 -> TR2 -> TR3 -> TR4 -> TR5 -> TR6 -> TR7 -> TR8 -> TR9 -> TR10 -> I_19 -> I_14,53.31,195.58,248.89,398.22,24,422.22
COIL SPRING FR/RR LH_5,COIL SPRING FR/RR LH,10,I_14,CL2,Chassis LH,I_14 -> I_15 -> EG_L1 -> EG_L2 -> EG_L3 -> CL1 -> CL2,CL2 -> CL3 -> CL4 -> CL5 -> CL6 -> CL7 -> I_16 -> I_20 -> TR1 -> TR2 -> TR3 -> TR4 -> TR5 -> TR6 -> TR7 -> TR8 -> TR9 -> TR10 -> I_19 -> I_14,53.31,195.58,248.89,398.22,24,422.22
COIL SPRING FR/RR LH_6,COIL SPRING FR/RR LH,10,I_14,CL2,Chassis LH,I_14 -> I_15 -> EG_L1 -> EG_L2 -> EG_L3 -> CL1 -> CL2,CL2 -> CL3 -> CL4 -> CL5 -> CL6 -> CL7 -> I_16 -> I_20 -> TR1 -> TR2 -> TR3 -> TR4 -> TR5 -> TR6 -> TR7 -> TR8 -> TR9 -> TR10 -> I_19 -> I_14,53.31,195.58,248.89,398.22,24,422.22
COIL SPRING FR/RR RH_1,COIL SPRING FR/RR RH,10,I_14,CR3,Chassis RH,I_14 -> I_19 -> EG_R1 -> EG_R2 -> EG_R3 -> CR1 -> CR2 -> CR3,CR3 -> CR4 -> CR5 -> CR6 -> CR7 -> I_20 -> TR1 -> TR2 -> TR3 -> TR4 -> TR5 -> TR6 -> TR7 -> TR8 -> TR9 -> TR10 -> I_19 -> I_14,63.87,178.51,242.38,387.81,24,411.81
COIL SPRING FR/RR RH_2,COIL SPRING FR/RR RH,10,I_14,CR3,Chassis RH,I_14 -> I_19 -> EG_R1 -> EG_R2 -> EG_R3 -> CR1 -> CR2 -> CR3,CR3 -> CR4 -> CR5 -> CR6 -> CR7 -> I_20 -> TR1 -> TR2 -> TR3 -> TR4 -> TR5 -> TR6 -> TR7 -> TR8 -> TR9 -> TR10 -> I_19 -> I_14,63.87,178.51,242.38,387.81,24,411.81
COIL SPRING FR/RR RH_3,COIL SPRING FR/RR RH,10,I_14,CR3,Chassis RH,I_14 -> I_19 -> EG_R1 -> EG_R2 -> EG_R3 -> CR1 -> CR2 -> CR3,CR3 -> CR4 -> CR5 -> CR6 -> CR7 -> I_20 -> TR1 -> TR2 -> TR3 -> TR4 -> TR5 -> TR6 -> TR7 -> TR8 -> TR9 -> TR10 -> I_19 -> I_14,63.87,178.51,242.38,387.81,24,411.81
COIL SPRING FR/RR RH_4,COIL SPRING FR/RR RH,10,I_14,CR3,Chassis RH,I_14 -> I_19 -> EG_R1 -> EG_R2 -> EG_R3 -> CR1 -> CR2 -> CR3,CR3 -> CR4 -> CR5 -> CR6 -> CR7 -> I_20 -> TR1 -> TR2 -> TR3 -> TR4 -> TR5 -> TR6 -> TR7 -> TR8 -> TR9 -> TR10 -> I_19 -> I_14,63.87,178.51,242.38,387.81,24,411.81
COIL SPRING FR/RR RH_5,COIL SPRING FR/RR RH,10,I_14,CR3,Chassis RH,I_14 -> I_19 -> EG_R1 -> EG_R2 -> EG_R3 -> CR1 -> CR2 -> CR3,CR3 -> CR4 -> CR5 -> CR6 -> CR7 -> I_20 -> TR1 -> TR2 -> TR3 -> TR4 -> TR5 -> TR6 -> TR7 -> TR8 -> TR9 -> TR10 -> I_19 -> I_14,63.87,178.51,242.38,387.81,24,411.81
COIL SPRING FR/RR RH_6,COIL SPRING FR/RR RH,10,I_14,CR3,Chassis RH,I_14 -> I_19 -> EG_R1 -> EG_R2 -> EG_R3 -> CR1 -> CR2 -> CR3,CR3 -> CR4 -> CR5 -> CR6 -> CR7 -> I_20 -> TR1 -> TR2 -> TR3 -> TR4 -> TR5 -> TR6 -> TR7 -> TR8 -> TR9 -> TR10 -> I_19 -> I_14,63.87,178.51,242.38,387.81,24,411.81
BEAM S/A_1,BEAM S/A,10,I_14,CL5,Chassis LH,I_14 -> I_15 -> EG_L1 -> EG_L2 -> EG_L3 -> CL1 -> CL2 -> CL3 -> CL4 -> CL5,CL5 -> CL6 -> CL7 -> I_16 -> I_20 -> TR1 -> TR2 -> TR3 -> TR4 -> TR5 -> TR6 -> TR7 -> TR8 -> TR9 -> TR10 -> I_19 -> I_14,69.86,179.03,248.89,398.22,24,422.22
BEAM S/A_2,BEAM S/A,10,I_14,CL5,Chassis LH,I_14 -> I_15 -> EG_L1 -> EG_L2 -> EG_L3 -> CL1 -> CL2 -> CL3 -> CL4 -> CL5,CL5 -> CL6 -> CL7 -> I_16 -> I_20 -> TR1 -> TR2 -> TR3 -> TR4 -> TR5 -> TR6 -> TR7 -> TR8 -> TR9 -> TR10 -> I_19 -> I_14,69.86,179.03,248.89,398.22,24,422.22
BEAM S/A_3,BEAM S/A,10,I_14,CL5,Chassis LH,I_14 -> I_15 -> EG_L1 -> EG_L2 -> EG_L3 -> CL1 -> CL2 -> CL3 -> CL4 -> CL5,CL5 -> CL6 -> CL7 -> I_16 -> I_20 -> TR1 -> TR2 -> TR3 -> TR4 -> TR5 -> TR6 -> TR7 -> TR8 -> TR9 -> TR10 -> I_19 -> I_14,69.86,179.03,248.89,398.22,24,422.22
BEAM S/A_4,BEAM S/A,10,I_14,CL5,Chassis LH,I_14 -> I_15 -> EG_L1 -> EG_L2 -> EG_L3 -> CL1 -> CL2 -> CL3 -> CL4 -> CL5,CL5 -> CL6 -> CL7 -> I_16 -> I_20 -> TR1 -> TR2 -> TR3 -> TR4 -> TR5 -> TR6 -> TR7 -> TR8 -> TR9 -> TR10 -> I_19 -> I_14,69.86,179.03,248.89,398.22,24,422.22
BEAM S/A_5,BEAM S/A,10,I_14,CL5,Chassis LH,I_14 -> I_15 -> EG_L1 -> EG_L2 -> EG_L3 -> CL1 -> CL2 -> CL3 -> CL4 -> CL5,CL5 -> CL6 -> CL7 -> I_16 -> I_20 -> TR1 -> TR2 -> TR3 -> TR4 -> TR5 -> TR6 -> TR7 -> TR8 -> TR9 -> TR10 -> I_19 -> I_14,69.86,179.03,248.89,398.22,24,422.22
BEAM S/A_6,BEAM S/A,10,I_14,CL5,Chassis LH,I_14 -> I_15 -> EG_L1 -> EG_L2 -> EG_L3 -> CL1 -> CL2 -> CL3 -> CL4 -> CL5,CL5 -> CL6 -> CL7 -> I_16 -> I_20 -> TR1 -> TR2 -> TR3 -> TR4 -> TR5 -> TR6 -> TR7 -> TR8 -> TR9 -> TR10 -> I_19 -> I_14,69.86,179.03,248.89,398.22,24,422.22
RR SUSP'N AND STABILIZER BAR_1,RR SUSP'N AND STABILIZER BAR,10,I_14,CL5,Chassis LH,I_14 -> I_15 -> EG_L1 -> EG_L2 -> EG_L3 -> CL1 -> CL2 -> CL3 -> CL4 -> CL5,CL5 -> CL6 -> CL7 -> I_16 -> I_20 -> TR1 -> TR2 -> TR3 -> TR4 -> TR5 -> TR6 -> TR7 -> TR8 -> TR9 -> TR10 -> I_19 -> I_14,69.86,179.03,248.89,398.22,24,422.22
RR SUSP'N AND STABILIZER BAR_2,RR SUSP'N AND STABILIZER BAR,10,I_14,CL5,Chassis LH,I_14 -> I_15 -> EG_L1 -> EG_L2 -> EG_L3 -> CL1 -> CL2 -> CL3 -> CL4 -> CL5,CL5 -> CL6 -> CL7 -> I_16 -> I_20 -> TR1 -> TR2 -> TR3 -> TR4 -> TR5 -> TR6 -> TR7 -> TR8 -> TR9 -> TR10 -> I_19 -> I_14,69.86,179.03,248.89,398.22,24,422.22
RR SUSP'N AND STABILIZER BAR_3,RR SUSP'N AND STABILIZER BAR,10,I_14,CL5,Chassis LH,I_14 -> I_15 -> EG_L1 -> EG_L2 -> EG_L3 -> CL1 -> CL2 -> CL3 -> CL4 -> CL5,CL5 -> CL6 -> CL7 -> I_16 -> I_20 -> TR1 -> TR2 -> TR3 -> TR4 -> TR5 -> TR6 -> TR7 -> TR8 -> TR9 -> TR10 -> I_19 -> I_14,69.86,179.03,248.89,398.22,24,422.22
RR SUSP'N AND STABILIZER BAR_4,RR SUSP'N AND STABILIZER BAR,10,I_14,CL5,Chassis LH,I_14 -> I_15 -> EG_L1 -> EG_L2 -> EG_L3 -> CL1 -> CL2 -> CL3 -> CL4 -> CL5,CL5 -> CL6 -> CL7 -> I_16 -> I_20 -> TR1 -> TR2 -> TR3 -> TR4 -> TR5 -> TR6 -> TR7 -> TR8 -> TR9 -> TR10 -> I_19 -> I_14,69.86,179.03,248.89,398.22,24,422.22
RR SUSP'N AND STABILIZER BAR_5,RR SUSP'N AND STABILIZER BAR,10,I_14,CL5,Chassis LH,I_14 -> I_15 -> EG_L1 -> EG_L2 -> EG_L3 -> CL1 -> CL2 -> CL3 -> CL4 -> CL5,CL5 -> CL6 -> CL7 -> I_16 -> I_20 -> TR1 -> TR2 -> TR3 -> TR4 -> TR5 -> TR6 -> TR7 -> TR8 -> TR9 -> TR10 -> I_19 -> I_14,69.86,179.03,248.89,398.22,24,422.22
RR SUSP'N AND STABILIZER BAR_6,RR SUSP'N AND STABILIZER BAR,10,I_14,CL5,Chassis LH,I_14 -> I_15 -> EG_L1 -> EG_L2 -> EG_L3 -> CL1 -> CL2 -> CL3 -> CL4 -> CL5,CL5 -> CL6 -> CL7 -> I_16 -> I_20 -> TR1 -> TR2 -> TR3 -> TR4 -> TR5 -> TR6 -> TR7 -> TR8 -> TR9 -> TR10 -> I_19 -> I_14,69.86,179.03,248.89,398.22,24,422.22
STEERING LINK_1,STEERING LINK,10,I_14,CL7,Chassis LH,I_14 -> I_15 -> EG_L1 -> EG_L2 -> EG_L3 -> CL1 -> CL2 -> CL3 -> CL4 -> CL5 -> CL6 -> CL7,CL7 -> I_16 -> I_20 -> TR1 -> TR2 -> TR3 -> TR4 -> TR5 -> TR6 -> TR7 -> TR8 -> TR9 -> TR10 -> I_19 -> I_14,80.89,168,248.89,398.22,24,422.22
STEERING LINK_2,STEERING LINK,10,I_14,CL7,Chassis LH,I_14 -> I_15 -> EG_L1 -> EG_L2 -> EG_L3 -> CL1 -> CL2 -> CL3 -> CL4 -> CL5 -> CL6 -> CL7,CL7 -> I_16 -> I_20 -> TR1 -> TR2 -> TR3 -> TR4 -> TR5 -> TR6 -> TR7 -> TR8 -> TR9 -> TR10 -> I_19 -> I_14,80.89,168,248.89,398.22,24,422.22
STEERING LINK_3,STEERING LINK,10,I_14,CL7,Chassis LH,I_14 -> I_15 -> EG_L1 -> EG_L2 -> EG_L3 -> CL1 -> CL2 -> CL3 -> CL4 -> CL5 -> CL6 -> CL7,CL7 -> I_16 -> I_20 -> TR1 -> TR2 -> TR3 -> TR4 -> TR5 -> TR6 -> TR7 -> TR8 -> TR9 -> TR10 -> I_19 -> I_14,80.89,168,248.89,398.22,24,422.22
STEERING LINK_4,STEERING LINK,10,I_14,CL7,Chassis LH,I_14 -> I_15 -> EG_L1 -> EG_L2 -> EG_L3 -> CL1 -> CL2 -> CL3 -> CL4 -> CL5 -> CL6 -> CL7,CL7 -> I_16 -> I_20 -> TR1 -> TR2 -> TR3 -> TR4 -> TR5 -> TR6 -> TR7 -> TR8 -> TR9 -> TR10 -> I_19 -> I_14,80.89,168,248.89,398.22,24,422.22
STEERING LINK_5,STEERING LINK,10,I_14,CL7,Chassis LH,I_14 -> I_15 -> EG_L1 -> EG_L2 -> EG_L3 -> CL1 -> CL2 -> CL3 -> CL4 -> CL5 -> CL6 -> CL7,CL7 -> I_16 -> I_20 -> TR1 -> TR2 -> TR3 -> TR4 -> TR5 -> TR6 -> TR7 -> TR8 -> TR9 -> TR10 -> I_19 -> I_14,80.89,168,248.89,398.22,24,422.22
STEERING LINK_6,STEERING LINK,10,I_14,CL7,Chassis LH,I_14 -> I_15 -> EG_L1 -> EG_L2 -> EG_L3 -> CL1 -> CL2 -> CL3 -> CL4 -> CL5 -> CL6 -> CL7,CL7 -> I_16 -> I_20 -> TR1 -> TR2 -> TR3 -> TR4 -> TR5 -> TR6 -> TR7 -> TR8 -> TR9 -> TR10 -> I_19 -> I_14,80.89,168,248.89,398.22,24,422.22
LOWER ARM_1,LOWER ARM,10,I_14,CL7,Chassis LH,I_14 -> I_15 -> EG_L1 -> EG_L2 -> EG_L3 -> CL1 -> CL2 -> CL3 -> CL4 -> CL5 -> CL6 -> CL7,CL7 -> I_16 -> I_20 -> TR1 -> TR2 -> TR3 -> TR4 -> TR5 -> TR6 -> TR7 -> TR8 -> TR9 -> TR10 -> I_19 -> I_14,80.89,168,248.89,398.22,24,422.22
LOWER ARM_2,LOWER ARM,10,I_14,CL7,Chassis LH,I_14 -> I_15 -> EG_L1 -> EG_L2 -> EG_L3 -> CL1 -> CL2 -> CL3 -> CL4 -> CL5 -> CL6 -> CL7,CL7 -> I_16 -> I_20 -> TR1 -> TR2 -> TR3 -> TR4 -> TR5 -> TR6 -> TR7 -> TR8 -> TR9 -> TR10 -> I_19 -> I_14,80.89,168,248.89,398.22,24,422.22
LOWER ARM_3,LOWER ARM,10,I_14,CL7,Chassis LH,I_14 -> I_15 -> EG_L1 -> EG_L2 -> EG_L3 -> CL1 -> CL2 -> CL3 -> CL4 -> CL5 -> CL6 -> CL7,CL7 -> I_16 -> I_20 -> TR1 -> TR2 -> TR3 -> TR4 -> TR5 -> TR6 -> TR7 -> TR8 -> TR9 -> TR10 -> I_19 -> I_14,80.89,168,248.89,398.22,24,422.22
LOWER ARM_4,LOWER ARM,10,I_14,CL7,Chassis LH,I_14 -> I_15 -> EG_L1 -> EG_L2 -> EG_L3 -> CL1 -> CL2 -> CL3 -> CL4 -> CL5 -> CL6 -> CL7,CL7 -> I_16 -> I_20 -> TR1 -> TR2 -> TR3 -> TR4 -> TR5 -> TR6 -> TR7 -> TR8 -> TR9 -> TR10 -> I_19 -> I_14,80.89,168,248.89,398.22,24,422.22
LOWER ARM_5,LOWER ARM,10,I_14,CL7,Chassis LH,I_14 -> I_15 -> EG_L1 -> EG_L2 -> EG_L3 -> CL1 -> CL2 -> CL3 -> CL4 -> CL5 -> CL6 -> CL7,CL7 -> I_16 -> I_20 -> TR1 -> TR2 -> TR3 -> TR4 -> TR5 -> TR6 -> TR7 -> TR8 -> TR9 -> TR10 -> I_19 -> I_14,80.89,168,248.89,398.22,24,422.22
LOWER ARM_6,LOWER ARM,10,I_14,CL7,Chassis LH,I_14 -> I_15 -> EG_L1 -> EG_L2 -> EG_L3 -> CL1 -> CL2 -> CL3 -> CL4 -> CL5 -> CL6 -> CL7,CL7 -> I_16 -> I_20 -> TR1 -> TR2 -> TR3 -> TR4 -> TR5 -> TR6 -> TR7 -> TR8 -> TR9 -> TR10 -> I_19 -> I_14,80.89,168,248.89,398.22,24,422.22
SUB - FRAME FR_1,SUB - FRAME FR,10,I_14,CL7,Chassis LH,I_14 -> I_15 -> EG_L1 -> EG_L2 -> EG_L3 -> CL1 -> CL2 -> CL3 -> CL4 -> CL5 -> CL6 -> CL7,CL7 -> I_16 -> I_20 -> TR1 -> TR2 -> TR3 -> TR4 -> TR5 -> TR6 -> TR7 -> TR8 -> TR9 -> TR10 -> I_19 -> I_14,80.89,168,248.89,398.22,24,422.22
SUB - FRAME FR_2,SUB - FRAME FR,10,I_14,CL7,Chassis LH,I_14 -> I_15 -> EG_L1 -> EG_L2 -> EG_L3 -> CL1 -> CL2 -> CL3 -> CL4 -> CL5 -> CL6 -> CL7,CL7 -> I_16 -> I_20 -> TR1 -> TR2 -> TR3 -> TR4 -> TR5 -> TR6 -> TR7 -> TR8 -> TR9 -> TR10 -> I_19 -> I_14,80.89,168,248.89,398.22,24,422.22
SUB - FRAME FR_3,SUB - FRAME FR,10,I_14,CL7,Chassis LH,I_14 -> I_15 -> EG_L1 -> EG_L2 -> EG_L3 -> CL1 -> CL2 -> CL3 -> CL4 -> CL5 -> CL6 -> CL7,CL7 -> I_16 -> I_20 -> TR1 -> TR2 -> TR3 -> TR4 -> TR5 -> TR6 -> TR7 -> TR8 -> TR9 -> TR10 -> I_19 -> I_14,80.89,168,248.89,398.22,24,422.22
SUB - FRAME FR_4,SUB - FRAME FR,10,I_14,CL7,Chassis LH,I_14 -> I_15 -> EG_L1 -> EG_L2 -> EG_L3 -> CL1 -> CL2 -> CL3 -> CL4 -> CL5 -> CL6 -> CL7,CL7 -> I_16 -> I_20 -> TR1 -> TR2 -> TR3 -> TR4 -> TR5 -> TR6 -> TR7 -> TR8 -> TR9 -> TR10 -> I_19 -> I_14,80.89,168,248.89,398.22,24,422.22
SUB - FRAME FR_5,SUB - FRAME FR,10,I_14,CL7,Chassis LH,I_14 -> I_15 -> EG_L1 -> EG_L2 -> EG_L3 -> CL1 -> CL2 -> CL3 -> CL4 -> CL5 -> CL6 -> CL7,CL7 -> I_16 -> I_20 -> TR1 -> TR2 -> TR3 -> TR4 -> TR5 -> TR6 -> TR7 -> TR8 -> TR9 -> TR10 -> I_19 -> I_14,80.89,168,248.89,398.22,24,422.22
SUB - FRAME FR_6,SUB - FRAME FR,10,I_14,CL7,Chassis LH,I_14 -> I_15 -> EG_L1 -> EG_L2 -> EG_L3 -> CL1 -> CL2 -> CL3 -> CL4 -> CL5 -> CL6 -> CL7,CL7 -> I_16 -> I_20 -> TR1 -> TR2 -> TR3 -> TR4 -> TR5 -> TR6 -> TR7 -> TR8 -> TR9 -> TR10 -> I_19 -> I_14,80.89,168,248.89,398.22,24,422.22
SIDE SKIRT ( PAINTED )_1,SIDE SKIRT ( PAINTED ),10,SML_Dr,AC_B,AC_Bldg,SML_Dr -> I_26 -> I_27 -> AC_B,AC_B -> I_27 -> I_26 -> SML_Dr,188.6,188.6,377.2,603.52,24,627.52
SIDE SKIRT ( PAINTED )_2,SIDE SKIRT ( PAINTED ),10,SML_Dr,AC_B,AC_Bldg,SML_Dr -> I_26 -> I_27 -> AC_B,AC_B -> I_27 -> I_26 -> SML_Dr,188.6,188.6,377.2,603.52,24,627.52
SIDE SKIRT ( PAINTED )_3,SIDE SKIRT ( PAINTED ),10,SML_Dr,AC_B,AC_Bldg,SML_Dr -> I_26 -> I_27 -> AC_B,AC_B -> I_27 -> I_26 -> SML_Dr,188.6,188.6,377.2,603.52,24,627.52
SIDE SKIRT ( PAINTED )_4,SIDE SKIRT ( PAINTED ),10,SML_Dr,AC_B,AC_Bldg,SML_Dr -> I_26 -> I_27 -> AC_B,AC_B -> I_27 -> I_26 -> SML_Dr,188.6,188.6,377.2,603.52,24,627.52
SIDE SKIRT ( PAINTED )_5,SIDE SKIRT ( PAINTED ),10,SML_Dr,AC_B,AC_Bldg,SML_Dr -> I_26 -> I_27 -> AC_B,AC_B -> I_27 -> I_26 -> SML_Dr,188.6,188.6,377.2,603.52,24,627.52
SIDE SKIRT ( PAINTED )_6,SIDE SKIRT ( PAINTED ),10,SML_Dr,AC_B,AC_Bldg,SML_Dr -> I_26 -> I_27 -> AC_B,AC_B -> I_27 -> I_26 -> SML_Dr,188.6,188.6,377.2,603.52,24,627.52
BUMPER FR ( PAINTED )_1,BUMPER FR ( PAINTED ),5,SML_Dr,TL2,Trimline LH,SML_Dr -> I_26 -> I_27 -> I_25 -> I_22 -> TL1 -> TL2,TL2 -> TL3 -> TL4 -> TL5 -> TL6 -> TL7 -> TL8 -> TL9 -> TL10 -> I_21 -> SML_St -> SML_Dr,189.54,111.07,300.61,480.98,24,504.98
BUMPER FR ( PAINTED )_2,BUMPER FR ( PAINTED ),5,SML_Dr,TL2,Trimline LH,SML_Dr -> I_26 -> I_27 -> I_25 -> I_22 -> TL1 -> TL2,TL2 -> TL3 -> TL4 -> TL5 -> TL6 -> TL7 -> TL8 -> TL9 -> TL10 -> I_21 -> SML_St -> SML_Dr,189.54,111.07,300.61,480.98,24,504.98
BUMPER FR ( PAINTED )_3,BUMPER FR ( PAINTED ),5,SML_Dr,TL2,Trimline LH,SML_Dr -> I_26 -> I_27 -> I_25 -> I_22 -> TL1 -> TL2,TL2 -> TL3 -> TL4 -> TL5 -> TL6 -> TL7 -> TL8 -> TL9 -> TL10 -> I_21 -> SML_St -> SML_Dr,189.54,111.07,300.61,480.98,24,504.98
BUMPER FR ( PAINTED )_4,BUMPER FR ( PAINTED ),5,SML_Dr,TL2,Trimline LH,SML_Dr -> I_26 -> I_27 -> I_25 -> I_22 -> TL1 -> TL2,TL2 -> TL3 -> TL4 -> TL5 -> TL6 -> TL7 -> TL8 -> TL9 -> TL10 -> I_21 -> SML_St -> SML_Dr,189.54,111.07,300.61,480.98,24,504.98
BUMPER FR ( PAINTED )_5,BUMPER FR ( PAINTED ),5,SML_Dr,TL2,Trimline LH,SML_Dr -> I_26 -> I_27 -> I_25 -> I_22 -> TL1 -> TL2,TL2 -> TL3 -> TL4 -> TL5 -> TL6 -> TL7 -> TL8 -> TL9 -> TL10 -> I_21 -> SML_St -> SML_Dr,189.54,111.07,300.61,480.98,24,504.98
BUMPER FR ( PAINTED )_6,BUMPER FR ( PAINTED ),5,SML_Dr,TL2,Trimline LH,SML_Dr -> I_26 -> I_27 -> I_25 -> I_22 -> TL1 -> TL2,TL2 -> TL3 -> TL4 -> TL5 -> TL6 -> TL7 -> TL8 -> TL9 -> TL10 -> I_21 -> SML_St -> SML_Dr,189.54,111.07,300.61,480.98,24,504.98
BUMPER FR ( PAINTED )_7,BUMPER FR ( PAINTED ),5,SML_Dr,TL2,Trimline LH,SML_Dr -> I_26 -> I_27 -> I_25 -> I_22 -> TL1 -> TL2,TL2 -> TL3 -> TL4 -> TL5 -> TL6 -> TL7 -> TL8 -> TL9 -> TL10 -> I_21 -> SML_St -> SML_Dr,189.54,111.07,300.61,480.98,24,504.98
BUMPER FR ( PAINTED )_8,BUMPER FR ( PAINTED ),5,SML_Dr,TL2,Trimline LH,SML_Dr -> I_26 -> I_27 -> I_25 -> I_22 -> TL1 -> TL2,TL2 -> TL3 -> TL4 -> TL5 -> TL6 -> TL7 -> TL8 -> TL9 -> TL10 -> I_21 -> SML_St -> SML_Dr,189.54,111.07,300.61,480.98,24,504.98
BUMPER FR ( PAINTED )_9,BUMPER FR ( PAINTED ),5,SML_Dr,TL2,Trimline LH,SML_Dr -> I_26 -> I_27 -> I_25 -> I_22 -> TL1 -> TL2,TL2 -> TL3 -> TL4 -> TL5 -> TL6 -> TL7 -> TL8 -> TL9 -> TL10 -> I_21 -> SML_St -> SML_Dr,189.54,111.07,300.61,480.98,24,504.98
BUMPER FR ( PAINTED )_10,BUMPER FR ( PAINTED ),5,SML_Dr,TL2,Trimline LH,SML_Dr -> I_26 -> I_27 -> I_25 -> I_22 -> TL1 -> TL2,TL2 -> TL3 -> TL4 -> TL5 -> TL6 -> TL7 -> TL8 -> TL9 -> TL10 -> I_21 -> SML_St -> SML_Dr,189.54,111.07,300.61,480.98,24,504.98
BUMPER FR ( PAINTED )_11,BUMPER FR ( PAINTED ),5,SML_Dr,TL2,Trimline LH,SML_Dr -> I_26 -> I_27 -> I_25 -> I_22 -> TL1 -> TL2,TL2 -> TL3 -> TL4 -> TL5 -> TL6 -> TL7 -> TL8 -> TL9 -> TL10 -> I_21 -> SML_St -> SML_Dr,189.54,111.07,300.61,480.98,24,504.98
BUMPER FR ( PAINTED )_12,BUMPER FR ( PAINTED ),5,SML_Dr,TL2,Trimline LH,SML_Dr -> I_26 -> I_27 -> I_25 -> I_22 -> TL1 -> TL2,TL2 -> TL3 -> TL4 -> TL5 -> TL6 -> TL7 -> TL8 -> TL9 -> TL10 -> I_21 -> SML_St -> SML_Dr,189.54,111.07,300.61,480.98,24,504.98
BUMPER RR ( PAINTED )_1,BUMPER RR ( PAINTED ),5,SML_Dr,TL2,Trimline LH,SML_Dr -> I_26 -> I_27 -> I_25 -> I_22 -> TL1 -> TL2,TL2 -> TL3 -> TL4 -> TL5 -> TL6 -> TL7 -> TL8 -> TL9 -> TL10 -> I_21 -> SML_St -> SML_Dr,189.54,111.07,300.61,480.98,24,504.98
BUMPER RR ( PAINTED )_2,BUMPER RR ( PAINTED ),5,SML_Dr,TL2,Trimline LH,SML_Dr -> I_26 -> I_27 -> I_25 -> I_22 -> TL1 -> TL2,TL2 -> TL3 -> TL4 -> TL5 -> TL6 -> TL7 -> TL8 -> TL9 -> TL10 -> I_21 -> SML_St -> SML_Dr,189.54,111.07,300.61,480.98,24,504.98
BUMPER RR ( PAINTED )_3,BUMPER RR ( PAINTED ),5,SML_Dr,TL2,Trimline LH,SML_Dr -> I_26 -> I_27 -> I_25 -> I_22 -> TL1 -> TL2,TL2 -> TL3 -> TL4 -> TL5 -> TL6 -> TL7 -> TL8 -> TL9 -> TL10 -> I_21 -> SML_St -> SML_Dr,189.54,111.07,300.61,480.98,24,504.98
BUMPER RR ( PAINTED )_4,BUMPER RR ( PAINTED ),5,SML_Dr,TL2,Trimline LH,SML_Dr -> I_26 -> I_27 -> I_25 -> I_22 -> TL1 -> TL2,TL2 -> TL3 -> TL4 -> TL5 -> TL6 -> TL7 -> TL8 -> TL9 -> TL10 -> I_21 -> SML_St -> SML_Dr,189.54,111.07,300.61,480.98,24,504.98
BUMPER RR ( PAINTED )_5,BUMPER RR ( PAINTED ),5,SML_Dr,TL2,Trimline LH,SML_Dr -> I_26 -> I_27 -> I_25 -> I_22 -> TL1 -> TL2,TL2 -> TL3 -> TL4 -> TL5 -> TL6 -> TL7 -> TL8 -> TL9 -> TL10 -> I_21 -> SML_St -> SML_Dr,189.54,111.07,300.61,480.98,24,504.98
BUMPER RR ( PAINTED )_6,BUMPER RR ( PAINTED ),5,SML_Dr,TL2,Trimline LH,SML_Dr -> I_26 -> I_27 -> I_25 -> I_22 -> TL1 -> TL2,TL2 -> TL3 -> TL4 -> TL5 -> TL6 -> TL7 -> TL8 -> TL9 -> TL10 -> I_21 -> SML_St -> SML_Dr,189.54,111.07,300.61,480.98,24,504.98
BUMPER RR ( PAINTED )_7,BUMPER RR ( PAINTED ),5,SML_Dr,TL2,Trimline LH,SML_Dr -> I_26 -> I_27 -> I_25 -> I_22 -> TL1 -> TL2,TL2 -> TL3 -> TL4 -> TL5 -> TL6 -> TL7 -> TL8 -> TL9 -> TL10 -> I_21 -> SML_St -> SML_Dr,189.54,111.07,300.61,480.98,24,504.98
BUMPER RR ( PAINTED )_8,BUMPER RR ( PAINTED ),5,SML_Dr,TL2,Trimline LH,SML_Dr -> I_26 -> I_27 -> I_25 -> I_22 -> TL1 -> TL2,TL2 -> TL3 -> TL4 -> TL5 -> TL6 -> TL7 -> TL8 -> TL9 -> TL10 -> I_21 -> SML_St -> SML_Dr,189.54,111.07,300.61,480.98,24,504.98
BUMPER RR ( PAINTED )_9,BUMPER RR ( PAINTED ),5,SML_Dr,TL2,Trimline LH,SML_Dr -> I_26 -> I_27 -> I_25 -> I_22 -> TL1 -> TL2,TL2 -> TL3 -> TL4 -> TL5 -> TL6 -> TL7 -> TL8 -> TL9 -> TL10 -> I_21 -> SML_St -> SML_Dr,189.54,111.07,300.61,480.98,24,504.98
BUMPER RR ( PAINTED )_10,BUMPER RR ( PAINTED ),5,SML_Dr,TL2,Trimline LH,SML_Dr -> I_26 -> I_27 -> I_25 -> I_22 -> TL1 -> TL2,TL2 -> TL3 -> TL4 -> TL5 -> TL6 -> TL7 -> TL8 -> TL9 -> TL10 -> I_21 -> SML_St -> SML_Dr,189.54,111.07,300.61,480.98,24,504.98
BUMPER RR ( PAINTED )_11,BUMPER RR ( PAINTED ),5,SML_Dr,TL2,Trimline LH,SML_Dr -> I_26 -> I_27 -> I_25 -> I_22 -> TL1 -> TL2,TL2 -> TL3 -> TL4 -> TL5 -> TL6 -> TL7 -> TL8 -> TL9 -> TL10 -> I_21 -> SML_St -> SML_Dr,189.54,111.07,300.61,480.98,24,504.98
BUMPER RR ( PAINTED )_12,BUMPER RR ( PAINTED ),5,SML_Dr,TL2,Trimline LH,SML_Dr -> I_26 -> I_27 -> I_25 -> I_22 -> TL1 -> TL2,TL2 -> TL3 -> TL4 -> TL5 -> TL6 -> TL7 -> TL8 -> TL9 -> TL10 -> I_21 -> SML_St -> SML_Dr,189.54,111.07,300.61,480.98,24,504.98
"DR GLASS, FR/RR, LH_1","DR GLASS, FR/RR, LH",20,Bulky_1,TL1,Trimline LH,Bulky_1 -> SML_Dr -> I_26 -> I_27 -> I_25 -> I_22 -> TL1,TL1 -> TL2 -> TL3 -> TL4 -> TL5 -> TL6 -> TL7 -> TL8 -> TL9 -> TL10 -> I_21 -> SML_St -> SML_Dr -> Bulky_1,203.38,135.95,339.33,542.93,24,566.93
"DR GLASS, FR/RR, LH_2","DR GLASS, FR/RR, LH",20,Bulky_1,TL1,Trimline LH,Bulky_1 -> SML_Dr -> I_26 -> I_27 -> I_25 -> I_22 -> TL1,TL1 -> TL2 -> TL3 -> TL4 -> TL5 -> TL6 -> TL7 -> TL8 -> TL9 -> TL10 -> I_21 -> SML_St -> SML_Dr -> Bulky_1,203.38,135.95,339.33,542.93,24,566.93
"DR GLASS, FR/RR, LH_3","DR GLASS, FR/RR, LH",20,Bulky_1,TL1,Trimline LH,Bulky_1 -> SML_Dr -> I_26 -> I_27 -> I_25 -> I_22 -> TL1,TL1 -> TL2 -> TL3 -> TL4 -> TL5 -> TL6 -> TL7 -> TL8 -> TL9 -> TL10 -> I_21 -> SML_St -> SML_Dr -> Bulky_1,203.38,135.95,339.33,542.93,24,566.93
"DR GLASS, FR/RR, RH_1","DR GLASS, FR/RR, RH",20,Bulky_1,TR1,Trimline RH,Bulky_1 -> SML_Dr -> SML_St -> I_21 -> I_19 -> EG_R1 -> EG_R2 -> EG_R3 -> CR1 -> CR2 -> CR3 -> CR4 -> CR5 -> CR6 -> CR7 -> I_20 -> TR1,TR1 -> TR2 -> TR3 -> TR4 -> TR5 -> TR6 -> TR7 -> TR8 -> TR9 -> TR10 -> I_19 -> I_21 -> SML_St -> SML_Dr -> Bulky_1,199.11,148.29,347.4,555.84,24,579.84
"DR GLASS, FR/RR, RH_2","DR GLASS, FR/RR, RH",20,Bulky_1,TR1,Trimline RH,Bulky_1 -> SML_Dr -> SML_St -> I_21 -> I_19 -> EG_R1 -> EG_R2 -> EG_R3 -> CR1 -> CR2 -> CR3 -> CR4 -> CR5 -> CR6 -> CR7 -> I_20 -> TR1,TR1 -> TR2 -> TR3 -> TR4 -> TR5 -> TR6 -> TR7 -> TR8 -> TR9 -> TR10 -> I_19 -> I_21 -> SML_St -> SML_Dr -> Bulky_1,199.11,148.29,347.4,555.84,24,579.84
"DR GLASS, FR/RR, RH_3","DR GLASS, FR/RR, RH",20,Bulky_1,TR1,Trimline RH,Bulky_1 -> SML_Dr -> SML_St -> I_21 -> I_19 -> EG_R1 -> EG_R2 -> EG_R3 -> CR1 -> CR2 -> CR3 -> CR4 -> CR5 -> CR6 -> CR7 -> I_20 -> TR1,TR1 -> TR2 -> TR3 -> TR4 -> TR5 -> TR6 -> TR7 -> TR8 -> TR9 -> TR10 -> I_19 -> I_21 -> SML_St -> SML_Dr -> Bulky_1,199.11,148.29,347.4,555.84,24,579.84
"DR TRIM FR/RR, LH_1","DR TRIM FR/RR, LH",10,Bulky_2,TL1,Trimline LH,Bulky_2 -> I_17 -> I_13 -> I_14 -> I_19 -> EG_R1 -> EG_R2 -> EG_R3 -> CR1 -> CR2 -> CR3 -> CR4 -> CR5 -> CR6 -> CR7 -> I_20 -> I_22 -> TL1,TL1 -> TL2 -> TL3 -> TL4 -> TL5 -> TL6 -> TL7 -> TL8 -> TL9 -> TL10 -> I_21 -> SML_St -> SML_Dr -> Bulky_1 -> Bulky_2,213.86,160.79,374.65,599.44,24,623.44
"DR TRIM FR/RR, LH_2","DR TRIM FR/RR, LH",10,Bulky_2,TL1,Trimline LH,Bulky_2 -> I_17 -> I_13 -> I_14 -> I_19 -> EG_R1 -> EG_R2 -> EG_R3 -> CR1 -> CR2 -> CR3 -> CR4 -> CR5 -> CR6 -> CR7 -> I_20 -> I_22 -> TL1,TL1 -> TL2 -> TL3 -> TL4 -> TL5 -> TL6 -> TL7 -> TL8 -> TL9 -> TL10 -> I_21 -> SML_St -> SML_Dr -> Bulky_1 -> Bulky_2,213.86,160.79,374.65,599.44,24,623.44
"DR TRIM FR/RR, LH_3","DR TRIM FR/RR, LH",10,Bulky_2,TL1,Trimline LH,Bulky_2 -> I_17 -> I_13 -> I_14 -> I_19 -> EG_R1 -> EG_R2 -> EG_R3 -> CR1 -> CR2 -> CR3 -> CR4 -> CR5 -> CR6 -> CR7 -> I_20 -> I_22 -> TL1,TL1 -> TL2 -> TL3 -> TL4 -> TL5 -> TL6 -> TL7 -> TL8 -> TL9 -> TL10 -> I_21 -> SML_St -> SML_Dr -> Bulky_1 -> Bulky_2,213.86,160.79,374.65,599.44,24,623.44
"DR TRIM FR/RR, LH_4","DR TRIM FR/RR, LH",10,Bulky_2,TL1,Trimline LH,Bulky_2 -> I_17 -> I_13 -> I_14 -> I_19 -> EG_R1 -> EG_R2 -> EG_R3 -> CR1 -> CR2 -> CR3 -> CR4 -> CR5 -> CR6 -> CR7 -> I_20 -> I_22 -> TL1,TL1 -> TL2 -> TL3 -> TL4 -> TL5 -> TL6 -> TL7 -> TL8 -> TL9 -> TL10 -> I_21 -> SML_St -> SML_Dr -> Bulky_1 -> Bulky_2,213.86,160.79,374.65,599.44,24,623.44
"DR TRIM FR/RR, LH_5","DR TRIM FR/RR, LH",10,Bulky_2,TL1,Trimline LH,Bulky_2 -> I_17 -> I_13 -> I_14 -> I_19 -> EG_R1 -> EG_R2 -> EG_R3 -> CR1 -> CR2 -> CR3 -> CR4 -> CR5 -> CR6 -> CR7 -> I_20 -> I_22 -> TL1,TL1 -> TL2 -> TL3 -> TL4 -> TL5 -> TL6 -> TL7 -> TL8 -> TL9 -> TL10 -> I_21 -> SML_St -> SML_Dr -> Bulky_1 -> Bulky_2,213.86,160.79,374.65,599.44,24,623.44
"DR TRIM FR/RR, LH_6","DR TRIM FR/RR, LH",10,Bulky_2,TL1,Trimline LH,Bulky_2 -> I_17 -> I_13 -> I_14 -> I_19 -> EG_R1 -> EG_R2 -> EG_R3 -> CR1 -> CR2 -> CR3 -> CR4 -> CR5 -> CR6 -> CR7 -> I_20 -> I_22 -> TL1,TL1 -> TL2 -> TL3 -> TL4 -> TL5 -> TL6 -> TL7 -> TL8 -> TL9 -> TL10 -> I_21 -> SML_St -> SML_Dr -> Bulky_1 -> Bulky_2,213.86,160.79,374.65,599.44,24,623.44
"DR TRIM FR/RR, RH_1","DR TRIM FR/RR, RH",10,Bulky_2,TR1,Trimline RH,Bulky_2 -> I_17 -> I_13 -> I_14 -> I_19 -> EG_R1 -> EG_R2 -> EG_R3 -> CR1 -> CR2 -> CR3 -> CR4 -> CR5 -> CR6 -> CR7 -> I_20 -> TR1,TR1 -> TR2 -> TR3 -> TR4 -> TR5 -> TR6 -> TR7 -> TR8 -> TR9 -> TR10 -> I_19 -> I_21 -> SML_St -> SML_Dr -> Bulky_1 -> Bulky_2,199.71,173.13,372.84,596.54,24,620.54
"DR TRIM FR/RR, RH_2","DR TRIM FR/RR, RH",10,Bulky_2,TR1,Trimline RH,Bulky_2 -> I_17 -> I_13 -> I_14 -> I_19 -> EG_R1 -> EG_R2 -> EG_R3 -> CR1 -> CR2 -> CR3 -> CR4 -> CR5 -> CR6 -> CR7 -> I_20 -> TR1,TR1 -> TR2 -> TR3 -> TR4 -> TR5 -> TR6 -> TR7 -> TR8 -> TR9 -> TR10 -> I_19 -> I_21 -> SML_St -> SML_Dr -> Bulky_1 -> Bulky_2,199.71,173.13,372.84,596.54,24,620.54
"DR TRIM FR/RR, RH_3","DR TRIM FR/RR, RH",10,Bulky_2,TR1,Trimline RH,Bulky_2 -> I_17 -> I_13 -> I_14 -> I_19 -> EG_R1 -> EG_R2 -> EG_R3 -> CR1 -> CR2 -> CR3 -> CR4 -> CR5 -> CR6 -> CR7 -> I_20 -> TR1,TR1 -> TR2 -> TR3 -> TR4 -> TR5 -> TR6 -> TR7 -> TR8 -> TR9 -> TR10 -> I_19 -> I_21 -> SML_St -> SML_Dr -> Bulky_1 -> Bulky_2,199.71,173.13,372.84,596.54,24,620.54
"DR TRIM FR/RR, RH_4","DR TRIM FR/RR, RH",10,Bulky_2,TR1,Trimline RH,Bulky_2 -> I_17 -> I_13 -> I_14 -> I_19 -> EG_R1 -> EG_R2 -> EG_R3 -> CR1 -> CR2 -> CR3 -> CR4 -> CR5 -> CR6 -> CR7 -> I_20 -> TR1,TR1 -> TR2 -> TR3 -> TR4 -> TR5 -> TR6 -> TR7 -> TR8 -> TR9 -> TR10 -> I_19 -> I_21 -> SML_St -> SML_Dr -> Bulky_1 -> Bulky_2,199.71,173.13,372.84,596.54,24,620.54
"DR TRIM FR/RR, RH_5","DR TRIM FR/RR, RH",10,Bulky_2,TR1,Trimline RH,Bulky_2 -> I_17 -> I_13 -> I_14 -> I_19 -> EG_R1 -> EG_R2 -> EG_R3 -> CR1 -> CR2 -> CR3 -> CR4 -> CR5 -> CR6 -> CR7 -> I_20 -> TR1,TR1 -> TR2 -> TR3 -> TR4 -> TR5 -> TR6 -> TR7 -> TR8 -> TR9 -> TR10 -> I_19 -> I_21 -> SML_St -> SML_Dr -> Bulky_1 -> Bulky_2,199.71,173.13,372.84,596.54,24,620.54
"DR TRIM FR/RR, RH_6","DR TRIM FR/RR, RH",10,Bulky_2,TR1,Trimline RH,Bulky_2 -> I_17 -> I_13 -> I_14 -> I_19 -> EG_R1 -> EG_R2 -> EG_R3 -> CR1 -> CR2 -> CR3 -> CR4 -> CR5 -> CR6 -> CR7 -> I_20 -> TR1,TR1 -> TR2 -> TR3 -> TR4 -> TR5 -> TR6 -> TR7 -> TR8 -> TR9 -> TR10 -> I_19 -> I_21 -> SML_St -> SML_Dr -> Bulky_1 -> Bulky_2,199.71,173.13,372.84,596.54,24,620.54
SPARE WHEEL_1,SPARE WHEEL,10,Bulky_2,FR2,Final RH,Bulky_2 -> I_17 -> I_13 -> I_14 -> I_19 -> EG_R1 -> EG_R2 -> EG_R3 -> CR1 -> CR2 -> CR3 -> CR4 -> CR5 -> CR6 -> CR7 -> I_20 -> I_22 -> FR1 -> FR2,FR2 -> FR3 -> FR4 -> FR5 -> FR6 -> FR7 -> FR8 -> FR9 -> I_21 -> SML_St -> SML_Dr -> Bulky_1 -> Bulky_2,219.65,154.89,374.54,599.26,24,623.26
SPARE WHEEL_2,SPARE WHEEL,10,Bulky_2,FR2,Final RH,Bulky_2 -> I_17 -> I_13 -> I_14 -> I_19 -> EG_R1 -> EG_R2 -> EG_R3 -> CR1 -> CR2 -> CR3 -> CR4 -> CR5 -> CR6 -> CR7 -> I_20 -> I_22 -> FR1 -> FR2,FR2 -> FR3 -> FR4 -> FR5 -> FR6 -> FR7 -> FR8 -> FR9 -> I_21 -> SML_St -> SML_Dr -> Bulky_1 -> Bulky_2,219.65,154.89,374.54,599.26,24,623.26
SPARE WHEEL_3,SPARE WHEEL,10,Bulky_2,FR2,Final RH,Bulky_2 -> I_17 -> I_13 -> I_14 -> I_19 -> EG_R1 -> EG_R2 -> EG_R3 -> CR1 -> CR2 -> CR3 -> CR4 -> CR5 -> CR6 -> CR7 -> I_20 -> I_22 -> FR1 -> FR2,FR2 -> FR3 -> FR4 -> FR5 -> FR6 -> FR7 -> FR8 -> FR9 -> I_21 -> SML_St -> SML_Dr -> Bulky_1 -> Bulky_2,219.65,154.89,374.54,599.26,24,623.26
SPARE WHEEL_4,SPARE WHEEL,10,Bulky_2,FR2,Final RH,Bulky_2 -> I_17 -> I_13 -> I_14 -> I_19 -> EG_R1 -> EG_R2 -> EG_R3 -> CR1 -> CR2 -> CR3 -> CR4 -> CR5 -> CR6 -> CR7 -> I_20 -> I_22 -> FR1 -> FR2,FR2 -> FR3 -> FR4 -> FR5 -> FR6 -> FR7 -> FR8 -> FR9 -> I_21 -> SML_St -> SML_Dr -> Bulky_1 -> Bulky_2,219.65,154.89,374.54,599.26,24,623.26
SPARE WHEEL_5,SPARE WHEEL,10,Bulky_2,FR2,Final RH,Bulky_2 -> I_17 -> I_13 -> I_14 -> I_19 -> EG_R1 -> EG_R2 -> EG_R3 -> CR1 -> CR2 -> CR3 -> CR4 -> CR5 -> CR6 -> CR7 -> I_20 -> I_22 -> FR1 -> FR2,FR2 -> FR3 -> FR4 -> FR5 -> FR6 -> FR7 -> FR8 -> FR9 -> I_21 -> SML_St -> SML_Dr -> Bulky_1 -> Bulky_2,219.65,154.89,374.54,599.26,24,623.26
SPARE WHEEL_6,SPARE WHEEL,10,Bulky_2,FR2,Final RH,Bulky_2 -> I_17 -> I_13 -> I_14 -> I_19 -> EG_R1 -> EG_R2 -> EG_R3 -> CR1 -> CR2 -> CR3 -> CR4 -> CR5 -> CR6 -> CR7 -> I_20 -> I_22 -> FR1 -> FR2,FR2 -> FR3 -> FR4 -> FR5 -> FR6 -> FR7 -> FR8 -> FR9 -> I_21 -> SML_St -> SML_Dr -> Bulky_1 -> Bulky_2,219.65,154.89,374.54,599.26,24,623.26
WINDSHIELD GLASS_1,WINDSHIELD GLASS,40,Bulky_1,FL2,Final LH,Bulky_1 -> SML_Dr -> I_26 -> I_27 -> I_25 -> FL1 -> FL2,FL2 -> FL3 -> FL4 -> FL5 -> FL6 -> FL7 -> FL8 -> FL9 -> I_24 -> SML_Dr -> Bulky_1,197.23,120.56,317.79,508.46,24,532.46
WINDSHIELD GLASS_2,WINDSHIELD GLASS,40,Bulky_1,FL2,Final LH,Bulky_1 -> SML_Dr -> I_26 -> I_27 -> I_25 -> FL1 -> FL2,FL2 -> FL3 -> FL4 -> FL5 -> FL6 -> FL7 -> FL8 -> FL9 -> I_24 -> SML_Dr -> Bulky_1,197.23,120.56,317.79,508.46,24,532.46
BCK WNDW GLASS W/ and W/O ANT._1,BCK WNDW GLASS W/ and W/O ANT.,20,SML_Dr,FL2,Final LH,SML_Dr -> I_26 -> I_27 -> I_25 -> FL1 -> FL2,FL2 -> FL3 -> FL4 -> FL5 -> FL6 -> FL7 -> FL8 -> FL9 -> I_24 -> SML_Dr,177.87,101.2,279.07,446.51,24,470.51
BCK WNDW GLASS W/ and W/O ANT._2,BCK WNDW GLASS W/ and W/O ANT.,20,SML_Dr,FL2,Final LH,SML_Dr -> I_26 -> I_27 -> I_25 -> FL1 -> FL2,FL2 -> FL3 -> FL4 -> FL5 -> FL6 -> FL7 -> FL8 -> FL9 -> I_24 -> SML_Dr,177.87,101.2,279.07,446.51,24,470.51
BCK WNDW GLASS W/ and W/O ANT._3,BCK WNDW GLASS W/ and W/O ANT.,20,SML_Dr,FL2,Final LH,SML_Dr -> I_26 -> I_27 -> I_25 -> FL1 -> FL2,FL2 -> FL3 -> FL4 -> FL5 -> FL6 -> FL7 -> FL8 -> FL9 -> I_24 -> SML_Dr,177.87,101.2,279.07,446.51,24,470.51
BATTERY_1,BATTERY,10,Bulky_1,FL3,Final LH,Bulky_1 -> SML_Dr -> I_26 -> I_27 -> I_25 -> FL1 -> FL2 -> FL3,FL3 -> FL4 -> FL5 -> FL6 -> FL7 -> FL8 -> FL9 -> I_24 -> SML_Dr -> Bulky_1,202.93,114.86,317.79,508.46,24,532.46
BATTERY_2,BATTERY,10,Bulky_1,FL3,Final LH,Bulky_1 -> SML_Dr -> I_26 -> I_27 -> I_25 -> FL1 -> FL2 -> FL3,FL3 -> FL4 -> FL5 -> FL6 -> FL7 -> FL8 -> FL9 -> I_24 -> SML_Dr -> Bulky_1,202.93,114.86,317.79,508.46,24,532.46
BATTERY_3,BATTERY,10,Bulky_1,FL3,Final LH,Bulky_1 -> SML_Dr -> I_26 -> I_27 -> I_25 -> FL1 -> FL2 -> FL3,FL3 -> FL4 -> FL5 -> FL6 -> FL7 -> FL8 -> FL9 -> I_24 -> SML_Dr -> Bulky_1,202.93,114.86,317.79,508.46,24,532.46
BATTERY_4,BATTERY,10,Bulky_1,FL3,Final LH,Bulky_1 -> SML_Dr -> I_26 -> I_27 -> I_25 -> FL1 -> FL2 -> FL3,FL3 -> FL4 -> FL5 -> FL6 -> FL7 -> FL8 -> FL9 -> I_24 -> SML_Dr -> Bulky_1,202.93,114.86,317.79,508.46,24,532.46
BATTERY_5,BATTERY,10,Bulky_1,FL3,Final LH,Bulky_1 -> SML_Dr -> I_26 -> I_27 -> I_25 -> FL1 -> FL2 -> FL3,FL3 -> FL4 -> FL5 -> FL6 -> FL7 -> FL8 -> FL9 -> I_24 -> SML_Dr -> Bulky_1,202.93,114.86,317.79,508.46,24,532.46
BATTERY_6,BATTERY,10,Bulky_1,FL3,Final LH,Bulky_1 -> SML_Dr -> I_26 -> I_27 -> I_25 -> FL1 -> FL2 -> FL3,FL3 -> FL4 -> FL5 -> FL6 -> FL7 -> FL8 -> FL9 -> I_24 -> SML_Dr -> Bulky_1,202.93,114.86,317.79,508.46,24,532.46
SPARE WHEEL COVER_1,SPARE WHEEL COVER,10,Bulky_2,FL6,Final LH,Bulky_2 -> Bulky_1 -> SML_Dr -> I_26 -> I_27 -> I_25 -> FL1 -> FL2 -> FL3 -> FL4 -> FL5 -> FL6,FL6 -> FL7 -> FL8 -> FL9 -> I_24 -> SML_Dr -> Bulky_1 -> Bulky_2,244.87,122.6,367.47,587.95,24,611.95
SPARE WHEEL COVER_2,SPARE WHEEL COVER,10,Bulky_2,FL6,Final LH,Bulky_2 -> Bulky_1 -> SML_Dr -> I_26 -> I_27 -> I_25 -> FL1 -> FL2 -> FL3 -> FL4 -> FL5 -> FL6,FL6 -> FL7 -> FL8 -> FL9 -> I_24 -> SML_Dr -> Bulky_1 -> Bulky_2,244.87,122.6,367.47,587.95,24,611.95
SPARE WHEEL COVER_3,SPARE WHEEL COVER,10,Bulky_2,FL6,Final LH,Bulky_2 -> Bulky_1 -> SML_Dr -> I_26 -> I_27 -> I_25 -> FL1 -> FL2 -> FL3 -> FL4 -> FL5 -> FL6,FL6 -> FL7 -> FL8 -> FL9 -> I_24 -> SML_Dr -> Bulky_1 -> Bulky_2,244.87,122.6,367.47,587.95,24,611.95
SPARE WHEEL COVER_4,SPARE WHEEL COVER,10,Bulky_2,FL6,Final LH,Bulky_2 -> Bulky_1 -> SML_Dr -> I_26 -> I_27 -> I_25 -> FL1 -> FL2 -> FL3 -> FL4 -> FL5 -> FL6,FL6 -> FL7 -> FL8 -> FL9 -> I_24 -> SML_Dr -> Bulky_1 -> Bulky_2,244.87,122.6,367.47,587.95,24,611.95
SPARE WHEEL COVER_5,SPARE WHEEL COVER,10,Bulky_2,FL6,Final LH,Bulky_2 -> Bulky_1 -> SML_Dr -> I_26 -> I_27 -> I_25 -> FL1 -> FL2 -> FL3 -> FL4 -> FL5 -> FL6,FL6 -> FL7 -> FL8 -> FL9 -> I_24 -> SML_Dr -> Bulky_1 -> Bulky_2,244.87,122.6,367.47,587.95,24,611.95
SPARE WHEEL COVER_6,SPARE WHEEL COVER,10,Bulky_2,FL6,Final LH,Bulky_2 -> Bulky_1 -> SML_Dr -> I_26 -> I_27 -> I_25 -> FL1 -> FL2 -> FL3 -> FL4 -> FL5 -> FL6,FL6 -> FL7 -> FL8 -> FL9 -> I_24 -> SML_Dr -> Bulky_1 -> Bulky_2,244.87,122.6,367.47,587.95,24,611.95
LUGGAGE MAT_1,LUGGAGE MAT,10,Bulky_1,FL7,Final LH,Bulky_1 -> SML_Dr -> I_26 -> I_27 -> I_25 -> FL1 -> FL2 -> FL3 -> FL4 -> FL5 -> FL6 -> FL7,FL7 -> FL8 -> FL9 -> I_24 -> SML_Dr -> Bulky_1,225.73,92.06,317.79,508.46,24,532.46
LUGGAGE MAT_2,LUGGAGE MAT,10,Bulky_1,FL7,Final LH,Bulky_1 -> SML_Dr -> I_26 -> I_27 -> I_25 -> FL1 -> FL2 -> FL3 -> FL4 -> FL5 -> FL6 -> FL7,FL7 -> FL8 -> FL9 -> I_24 -> SML_Dr -> Bulky_1,225.73,92.06,317.79,508.46,24,532.46
LUGGAGE MAT_3,LUGGAGE MAT,10,Bulky_1,FL7,Final LH,Bulky_1 -> SML_Dr -> I_26 -> I_27 -> I_25 -> FL1 -> FL2 -> FL3 -> FL4 -> FL5 -> FL6 -> FL7,FL7 -> FL8 -> FL9 -> I_24 -> SML_Dr -> Bulky_1,225.73,92.06,317.79,508.46,24,532.46
LUGGAGE MAT_4,LUGGAGE MAT,10,Bulky_1,FL7,Final LH,Bulky_1 -> SML_Dr -> I_26 -> I_27 -> I_25 -> FL1 -> FL2 -> FL3 -> FL4 -> FL5 -> FL6 -> FL7,FL7 -> FL8 -> FL9 -> I_24 -> SML_Dr -> Bulky_1,225.73,92.06,317.79,508.46,24,532.46
LUGGAGE MAT_5,LUGGAGE MAT,10,Bulky_1,FL7,Final LH,Bulky_1 -> SML_Dr -> I_26 -> I_27 -> I_25 -> FL1 -> FL2 -> FL3 -> FL4 -> FL5 -> FL6 -> FL7,FL7 -> FL8 -> FL9 -> I_24 -> SML_Dr -> Bulky_1,225.73,92.06,317.79,508.46,24,532.46
LUGGAGE MAT_6,LUGGAGE MAT,10,Bulky_1,FL7,Final LH,Bulky_1 -> SML_Dr -> I_26 -> I_27 -> I_25 -> FL1 -> FL2 -> FL3 -> FL4 -> FL5 -> FL6 -> FL7,FL7 -> FL8 -> FL9 -> I_24 -> SML_Dr -> Bulky_1,225.73,92.06,317.79,508.46,24,532.46
SEAT ASSY_1,SEAT ASSY,3,Bulky_2,FL6,Final LH,Bulky_2 -> Bulky_1 -> SML_Dr -> I_26 -> I_27 -> I_25 -> FL1 -> FL2 -> FL3 -> FL4 -> FL5 -> FL6,FL6 -> FL7 -> FL8 -> FL9 -> I_24 -> SML_Dr -> Bulky_1 -> Bulky_2,244.87,122.6,367.47,587.95,24,611.95
SEAT ASSY_2,SEAT ASSY,3,Bulky_2,FL6,Final LH,Bulky_2 -> Bulky_1 -> SML_Dr -> I_26 -> I_27 -> I_25 -> FL1 -> FL2 -> FL3 -> FL4 -> FL5 -> FL6,FL6 -> FL7 -> FL8 -> FL9 -> I_24 -> SML_Dr -> Bulky_1 -> Bulky_2,244.87,122.6,367.47,587.95,24,611.95
SEAT ASSY_3,SEAT ASSY,3,Bulky_2,FL6,Final LH,Bulky_2 -> Bulky_1 -> SML_Dr -> I_26 -> I_27 -> I_25 -> FL1 -> FL2 -> FL3 -> FL4 -> FL5 -> FL6,FL6 -> FL7 -> FL8 -> FL9 -> I_24 -> SML_Dr -> Bulky_1 -> Bulky_2,244.87,122.6,367.47,587.95,24,611.95
SEAT ASSY_4,SEAT ASSY,3,Bulky_2,FL6,Final LH,Bulky_2 -> Bulky_1 -> SML_Dr -> I_26 -> I_27 -> I_25 -> FL1 -> FL2 -> FL3 -> FL4 -> FL5 -> FL6,FL6 -> FL7 -> FL8 -> FL9 -> I_24 -> SML_Dr -> Bulky_1 -> Bulky_2,244.87,122.6,367.47,587.95,24,611.95
SEAT ASSY_5,SEAT ASSY,3,Bulky_2,FL6,Final LH,Bulky_2 -> Bulky_1 -> SML_Dr -> I_26 -> I_27 -> I_25 -> FL1 -> FL2 -> FL3 -> FL4 -> FL5 -> FL6,FL6 -> FL7 -> FL8 -> FL9 -> I_24 -> SML_Dr -> Bulky_1 -> Bulky_2,244.87,122.6,367.47,587.95,24,611.95
SEAT ASSY_6,SEAT ASSY,3,Bulky_2,FL6,Final LH,Bulky_2 -> Bulky_1 -> SML_Dr -> I_26 -> I_27 -> I_25 -> FL1 -> FL2 -> FL3 -> FL4 -> FL5 -> FL6,FL6 -> FL7 -> FL8 -> FL9 -> I_24 -> SML_Dr -> Bulky_1 -> Bulky_2,244.87,122.6,367.47,587.95,24,611.95
SEAT ASSY_7,SEAT ASSY,3,Bulky_2,FL6,Final LH,Bulky_2 -> Bulky_1 -> SML_Dr -> I_26 -> I_27 -> I_25 -> FL1 -> FL2 -> FL3 -> FL4 -> FL5 -> FL6,FL6 -> FL7 -> FL8 -> FL9 -> I_24 -> SML_Dr -> Bulky_1 -> Bulky_2,244.87,122.6,367.47,587.95,24,611.95
SEAT ASSY_8,SEAT ASSY,3,Bulky_2,FL6,Final LH,Bulky_2 -> Bulky_1 -> SML_Dr -> I_26 -> I_27 -> I_25 -> FL1 -> FL2 -> FL3 -> FL4 -> FL5 -> FL6,FL6 -> FL7 -> FL8 -> FL9 -> I_24 -> SML_Dr -> Bulky_1 -> Bulky_2,244.87,122.6,367.47,587.95,24,611.95
SEAT ASSY_9,SEAT ASSY,3,Bulky_2,FL6,Final LH,Bulky_2 -> Bulky_1 -> SML_Dr -> I_26 -> I_27 -> I_25 -> FL1 -> FL2 -> FL3 -> FL4 -> FL5 -> FL6,FL6 -> FL7 -> FL8 -> FL9 -> I_24 -> SML_Dr -> Bulky_1 -> Bulky_2,244.87,122.6,367.47,587.95,24,611.95
SEAT ASSY_10,SEAT ASSY,3,Bulky_2,FL6,Final LH,Bulky_2 -> Bulky_1 -> SML_Dr -> I_26 -> I_27 -> I_25 -> FL1 -> FL2 -> FL3 -> FL4 -> FL5 -> FL6,FL6 -> FL7 -> FL8 -> FL9 -> I_24 -> SML_Dr -> Bulky_1 -> Bulky_2,244.87,122.6,367.47,587.95,24,611.95
SEAT ASSY_11,SEAT ASSY,3,Bulky_2,FL6,Final LH,Bulky_2 -> Bulky_1 -> SML_Dr -> I_26 -> I_27 -> I_25 -> FL1 -> FL2 -> FL3 -> FL4 -> FL5 -> FL6,FL6 -> FL7 -> FL8 -> FL9 -> I_24 -> SML_Dr -> Bulky_1 -> Bulky_2,244.87,122.6,367.47,587.95,24,611.95
SEAT ASSY_12,SEAT ASSY,3,Bulky_2,FL6,Final LH,Bulky_2 -> Bulky_1 -> SML_Dr -> I_26 -> I_27 -> I_25 -> FL1 -> FL2 -> FL3 -> FL4 -> FL5 -> FL6,FL6 -> FL7 -> FL8 -> FL9 -> I_24 -> SML_Dr -> Bulky_1 -> Bulky_2,244.87,122.6,367.47,587.95,24,611.95
SEAT ASSY_13,SEAT ASSY,3,Bulky_2,FL6,Final LH,Bulky_2 -> Bulky_1 -> SML_Dr -> I_26 -> I_27 -> I_25 -> FL1 -> FL2 -> FL3 -> FL4 -> FL5 -> FL6,FL6 -> FL7 -> FL8 -> FL9 -> I_24 -> SML_Dr -> Bulky_1 -> Bulky_2,244.87,122.6,367.47,587.95,24,611.95
SEAT ASSY_14,SEAT ASSY,3,Bulky_2,FL6,Final LH,Bulky_2 -> Bulky_1 -> SML_Dr -> I_26 -> I_27 -> I_25 -> FL1 -> FL2 -> FL3 -> FL4 -> FL5 -> FL6,FL6 -> FL7 -> FL8 -> FL9 -> I_24 -> SML_Dr -> Bulky_1 -> Bulky_2,244.87,122.6,367.47,587.95,24,611.95
SEAT ASSY_15,SEAT ASSY,3,Bulky_2,FL6,Final LH,Bulky_2 -> Bulky_1 -> SML_Dr -> I_26 -> I_27 -> I_25 -> FL1 -> FL2 -> FL3 -> FL4 -> FL5 -> FL6,FL6 -> FL7 -> FL8 -> FL9 -> I_24 -> SML_Dr -> Bulky_1 -> Bulky_2,244.87,122.6,367.47,587.95,24,611.95
SEAT ASSY_16,SEAT ASSY,3,Bulky_2,FL6,Final LH,Bulky_2 -> Bulky_1 -> SML_Dr -> I_26 -> I_27 -> I_25 -> FL1 -> FL2 -> FL3 -> FL4 -> FL5 -> FL6,FL6 -> FL7 -> FL8 -> FL9 -> I_24 -> SML_Dr -> Bulky_1 -> Bulky_2,244.87,122.6,367.47,587.95,24,611.95
SEAT ASSY_17,SEAT ASSY,3,Bulky_2,FL6,Final LH,Bulky_2 -> Bulky_1 -> SML_Dr -> I_26 -> I_27 -> I_25 -> FL1 -> FL2 -> FL3 -> FL4 -> FL5 -> FL6,FL6 -> FL7 -> FL8 -> FL9 -> I_24 -> SML_Dr -> Bulky_1 -> Bulky_2,244.87,122.6,367.47,587.95,24,611.95
SEAT ASSY_18,SEAT ASSY,3,Bulky_2,FL6,Final LH,Bulky_2 -> Bulky_1 -> SML_Dr -> I_26 -> I_27 -> I_25 -> FL1 -> FL2 -> FL3 -> FL4 -> FL5 -> FL6,FL6 -> FL7 -> FL8 -> FL9 -> I_24 -> SML_Dr -> Bulky_1 -> Bulky_2,244.87,122.6,367.47,587.95,24,611.95
SEAT ASSY_19,SEAT ASSY,3,Bulky_2,FL6,Final LH,Bulky_2 -> Bulky_1 -> SML_Dr -> I_26 -> I_27 -> I_25 -> FL1 -> FL2 -> FL3 -> FL4 -> FL5 -> FL6,FL6 -> FL7 -> FL8 -> FL9 -> I_24 -> SML_Dr -> Bulky_1 -> Bulky_2,244.87,122.6,367.47,587.95,24,611.95
SEAT ASSY_20,SEAT ASSY,3,Bulky_2,FL6,Final LH,Bulky_2 -> Bulky_1 -> SML_Dr -> I_26 -> I_27 -> I_25 -> FL1 -> FL2 -> FL3 -> FL4 -> FL5 -> FL6,FL6 -> FL7 -> FL8 -> FL9 -> I_24 -> SML_Dr -> Bulky_1 -> Bulky_2,244.87,122.6,367.47,587.95,24,611.95
FLOOR TUBES_1,FLOOR TUBES,10,Bulky_2,CL4,Chassis LH,Bulky_2 -> I_17 -> I_18 -> I_15 -> EG_L1 -> EG_L2 -> EG_L3 -> CL1 -> CL2 -> CL3 -> CL4,CL4 -> CL5 -> CL6 -> CL7 -> I_16 -> I_20 -> TR1 -> TR2 -> TR3 -> TR4 -> TR5 -> TR6 -> TR7 -> TR8 -> TR9 -> TR10 -> I_19 -> I_21 -> SML_St -> SML_Dr -> Bulky_1 -> Bulky_2,113.08,261.9,374.98,599.97,24,623.97
FLOOR TUBES_2,FLOOR TUBES,10,Bulky_2,CL4,Chassis LH,Bulky_2 -> I_17 -> I_18 -> I_15 -> EG_L1 -> EG_L2 -> EG_L3 -> CL1 -> CL2 -> CL3 -> CL4,CL4 -> CL5 -> CL6 -> CL7 -> I_16 -> I_20 -> TR1 -> TR2 -> TR3 -> TR4 -> TR5 -> TR6 -> TR7 -> TR8 -> TR9 -> TR10 -> I_19 -> I_21 -> SML_St -> SML_Dr -> Bulky_1 -> Bulky_2,113.08,261.9,374.98,599.97,24,623.97
FLOOR TUBES_3,FLOOR TUBES,10,Bulky_2,CL4,Chassis LH,Bulky_2 -> I_17 -> I_18 -> I_15 -> EG_L1 -> EG_L2 -> EG_L3 -> CL1 -> CL2 -> CL3 -> CL4,CL4 -> CL5 -> CL6 -> CL7 -> I_16 -> I_20 -> TR1 -> TR2 -> TR3 -> TR4 -> TR5 -> TR6 -> TR7 -> TR8 -> TR9 -> TR10 -> I_19 -> I_21 -> SML_St -> SML_Dr -> Bulky_1 -> Bulky_2,113.08,261.9,374.98,599.97,24,623.97
FLOOR TUBES_4,FLOOR TUBES,10,Bulky_2,CL4,Chassis LH,Bulky_2 -> I_17 -> I_18 -> I_15 -> EG_L1 -> EG_L2 -> EG_L3 -> CL1 -> CL2 -> CL3 -> CL4,CL4 -> CL5 -> CL6 -> CL7 -> I_16 -> I_20 -> TR1 -> TR2 -> TR3 -> TR4 -> TR5 -> TR6 -> TR7 -> TR8 -> TR9 -> TR10 -> I_19 -> I_21 -> SML_St -> SML_Dr -> Bulky_1 -> Bulky_2,113.08,261.9,374.98,599.97,24,623.97
FLOOR TUBES_5,FLOOR TUBES,10,Bulky_2,CL4,Chassis LH,Bulky_2 -> I_17 -> I_18 -> I_15 -> EG_L1 -> EG_L2 -> EG_L3 -> CL1 -> CL2 -> CL3 -> CL4,CL4 -> CL5 -> CL6 -> CL7 -> I_16 -> I_20 -> TR1 -> TR2 -> TR3 -> TR4 -> TR5 -> TR6 -> TR7 -> TR8 -> TR9 -> TR10 -> I_19 -> I_21 -> SML_St -> SML_Dr -> Bulky_1 -> Bulky_2,113.08,261.9,374.98,599.97,24,623.97
FLOOR TUBES_6,FLOOR TUBES,10,Bulky_2,CL4,Chassis LH,Bulky_2 -> I_17 -> I_18 -> I_15 -> EG_L1 -> EG_L2 -> EG_L3 -> CL1 -> CL2 -> CL3 -> CL4,CL4 -> CL5 -> CL6 -> CL7 -> I_16 -> I_20 -> TR1 -> TR2 -> TR3 -> TR4 -> TR5 -> TR6 -> TR7 -> TR8 -> TR9 -> TR10 -> I_19 -> I_21 -> SML_St -> SML_Dr -> Bulky_1 -> Bulky_2,113.08,261.9,374.98,599.97,24,623.97
DRIVE SHAFT_1,DRIVE SHAFT,10,I_14,EG_R2,Engine RH,I_14 -> I_19 -> EG_R1 -> EG_R2,EG_R2 -> EG_R3 -> CR1 -> CR2 -> CR3 -> CR4 -> CR5 -> CR6 -> CR7 -> I_20 -> TR1 -> TR2 -> TR3 -> TR4 -> TR5 -> TR6 -> TR7 -> TR8 -> TR9 -> TR10 -> I_19 -> I_14,41.81,200.57,242.38,387.81,24,411.81
DRIVE SHAFT_2,DRIVE SHAFT,10,I_14,EG_R2,Engine RH,I_14 -> I_19 -> EG_R1 -> EG_R2,EG_R2 -> EG_R3 -> CR1 -> CR2 -> CR3 -> CR4 -> CR5 -> CR6 -> CR7 -> I_20 -> TR1 -> TR2 -> TR3 -> TR4 -> TR5 -> TR6 -> TR7 -> TR8 -> TR9 -> TR10 -> I_19 -> I_14,41.81,200.57,242.38,387.81,24,411.81
DRIVE SHAFT_3,DRIVE SHAFT,10,I_14,EG_R2,Engine RH,I_14 -> I_19 -> EG_R1 -> EG_R2,EG_R2 -> EG_R3 -> CR1 -> CR2 -> CR3 -> CR4 -> CR5 -> CR6 -> CR7 -> I_20 -> TR1 -> TR2 -> TR3 -> TR4 -> TR5 -> TR6 -> TR7 -> TR8 -> TR9 -> TR10 -> I_19 -> I_14,41.81,200.57,242.38,387.81,24,411.81
DRIVE SHAFT_4,DRIVE SHAFT,10,I_14,EG_R2,Engine RH,I_14 -> I_19 -> EG_R1 -> EG_R2,EG_R2 -> EG_R3 -> CR1 -> CR2 -> CR3 -> CR4 -> CR5 -> CR6 -> CR7 -> I_20 -> TR1 -> TR2 -> TR3 -> TR4 -> TR5 -> TR6 -> TR7 -> TR8 -> TR9 -> TR10 -> I_19 -> I_14,41.81,200.57,242.38,387.81,24,411.81
DRIVE SHAFT_5,DRIVE SHAFT,10,I_14,EG_R2,Engine RH,I_14 -> I_19 -> EG_R1 -> EG_R2,EG_R2 -> EG_R3 -> CR1 -> CR2 -> CR3 -> CR4 -> CR5 -> CR6 -> CR7 -> I_20 -> TR1 -> TR2 -> TR3 -> TR4 -> TR5 -> TR6 -> TR7 -> TR8 -> TR9 -> TR10 -> I_19 -> I_14,41.81,200.57,242.38,387.81,24,411.81
DRIVE SHAFT_6,DRIVE SHAFT,10,I_14,EG_R2,Engine RH,I_14 -> I_19 -> EG_R1 -> EG_R2,EG_R2 -> EG_R3 -> CR1 -> CR2 -> CR3 -> CR4 -> CR5 -> CR6 -> CR7 -> I_20 -> TR1 -> TR2 -> TR3 -> TR4 -> TR5 -> TR6 -> TR7 -> TR8 -> TR9 -> TR10 -> I_19 -> I_14,41.81,200.57,242.38,387.81,24,411.81
FUEL TANK_1,FUEL TANK,10,Bulky_1,CR4,Chassis RH,Bulky_1 -> SML_Dr -> SML_St -> I_21 -> I_19 -> EG_R1 -> EG_R2 -> EG_R3 -> CR1 -> CR2 -> CR3 -> CR4,CR4 -> CR5 -> CR6 -> CR7 -> I_20 -> TR1 -> TR2 -> TR3 -> TR4 -> TR5 -> TR6 -> TR7 -> TR8 -> TR9 -> TR10 -> I_19 -> I_21 -> SML_St -> SML_Dr -> Bulky_1,121.9,225.5,347.4,555.84,24,579.84
FUEL TANK_2,FUEL TANK,10,Bulky_1,CR4,Chassis RH,Bulky_1 -> SML_Dr -> SML_St -> I_21 -> I_19 -> EG_R1 -> EG_R2 -> EG_R3 -> CR1 -> CR2 -> CR3 -> CR4,CR4 -> CR5 -> CR6 -> CR7 -> I_20 -> TR1 -> TR2 -> TR3 -> TR4 -> TR5 -> TR6 -> TR7 -> TR8 -> TR9 -> TR10 -> I_19 -> I_21 -> SML_St -> SML_Dr -> Bulky_1,121.9,225.5,347.4,555.84,24,579.84
FUEL TANK_3,FUEL TANK,10,Bulky_1,CR4,Chassis RH,Bulky_1 -> SML_Dr -> SML_St -> I_21 -> I_19 -> EG_R1 -> EG_R2 -> EG_R3 -> CR1 -> CR2 -> CR3 -> CR4,CR4 -> CR5 -> CR6 -> CR7 -> I_20 -> TR1 -> TR2 -> TR3 -> TR4 -> TR5 -> TR6 -> TR7 -> TR8 -> TR9 -> TR10 -> I_19 -> I_21 -> SML_St -> SML_Dr -> Bulky_1,121.9,225.5,347.4,555.84,24,579.84
FUEL TANK_4,FUEL TANK,10,Bulky_1,CR4,Chassis RH,Bulky_1 -> SML_Dr -> SML_St -> I_21 -> I_19 -> EG_R1 -> EG_R2 -> EG_R3 -> CR1 -> CR2 -> CR3 -> CR4,CR4 -> CR5 -> CR6 -> CR7 -> I_20 -> TR1 -> TR2 -> TR3 -> TR4 -> TR5 -> TR6 -> TR7 -> TR8 -> TR9 -> TR10 -> I_19 -> I_21 -> SML_St -> SML_Dr -> Bulky_1,121.9,225.5,347.4,555.84,24,579.84
FUEL TANK_5,FUEL TANK,10,Bulky_1,CR4,Chassis RH,Bulky_1 -> SML_Dr -> SML_St -> I_21 -> I_19 -> EG_R1 -> EG_R2 -> EG_R3 -> CR1 -> CR2 -> CR3 -> CR4,CR4 -> CR5 -> CR6 -> CR7 -> I_20 -> TR1 -> TR2 -> TR3 -> TR4 -> TR5 -> TR6 -> TR7 -> TR8 -> TR9 -> TR10 -> I_19 -> I_21 -> SML_St -> SML_Dr -> Bulky_1,121.9,225.5,347.4,555.84,24,579.84
FUEL TANK_6,FUEL TANK,10,Bulky_1,CR4,Chassis RH,Bulky_1 -> SML_Dr -> SML_St -> I_21 -> I_19 -> EG_R1 -> EG_R2 -> EG_R3 -> CR1 -> CR2 -> CR3 -> CR4,CR4 -> CR5 -> CR6 -> CR7 -> I_20 -> TR1 -> TR2 -> TR3 -> TR4 -> TR5 -> TR6 -> TR7 -> TR8 -> TR9 -> TR10 -> I_19 -> I_21 -> SML_St -> SML_Dr -> Bulky_1,121.9,225.5,347.4,555.84,24,579.84
EXHAUST PIPE_1,EXHAUST PIPE,10,Bulky_2,CR7,Chassis RH,Bulky_2 -> I_17 -> I_13 -> I_14 -> I_19 -> EG_R1 -> EG_R2 -> EG_R3 -> CR1 -> CR2 -> CR3 -> CR4 -> CR5 -> CR6 -> CR7,CR7 -> I_20 -> TR1 -> TR2 -> TR3 -> TR4 -> TR5 -> TR6 -> TR7 -> TR8 -> TR9 -> TR10 -> I_19 -> I_21 -> SML_St -> SML_Dr -> Bulky_1 -> Bulky_2,139.05,233.79,372.84,596.54,24,620.54
EXHAUST PIPE_2,EXHAUST PIPE,10,Bulky_2,CR7,Chassis RH,Bulky_2 -> I_17 -> I_13 -> I_14 -> I_19 -> EG_R1 -> EG_R2 -> EG_R3 -> CR1 -> CR2 -> CR3 -> CR4 -> CR5 -> CR6 -> CR7,CR7 -> I_20 -> TR1 -> TR2 -> TR3 -> TR4 -> TR5 -> TR6 -> TR7 -> TR8 -> TR9 -> TR10 -> I_19 -> I_21 -> SML_St -> SML_Dr -> Bulky_1 -> Bulky_2,139.05,233.79,372.84,596.54,24,620.54
EXHAUST PIPE_3,EXHAUST PIPE,10,Bulky_2,CR7,Chassis RH,Bulky_2 -> I_17 -> I_13 -> I_14 -> I_19 -> EG_R1 -> EG_R2 -> EG_R3 -> CR1 -> CR2 -> CR3 -> CR4 -> CR5 -> CR6 -> CR7,CR7 -> I_20 -> TR1 -> TR2 -> TR3 -> TR4 -> TR5 -> TR6 -> TR7 -> TR8 -> TR9 -> TR10 -> I_19 -> I_21 -> SML_St -> SML_Dr -> Bulky_1 -> Bulky_2,139.05,233.79,372.84,596.54,24,620.54
EXHAUST PIPE_4,EXHAUST PIPE,10,Bulky_2,CR7,Chassis RH,Bulky_2 -> I_17 -> I_13 -> I_14 -> I_19 -> EG_R1 -> EG_R2 -> EG_R3 -> CR1 -> CR2 -> CR3 -> CR4 -> CR5 -> CR6 -> CR7,CR7 -> I_20 -> TR1 -> TR2 -> TR3 -> TR4 -> TR5 -> TR6 -> TR7 -> TR8 -> TR9 -> TR10 -> I_19 -> I_21 -> SML_St -> SML_Dr -> Bulky_1 -> Bulky_2,139.05,233.79,372.84,596.54,24,620.54
EXHAUST PIPE_5,EXHAUST PIPE,10,Bulky_2,CR7,Chassis RH,Bulky_2 -> I_17 -> I_13 -> I_14 -> I_19 -> EG_R1 -> EG_R2 -> EG_R3 -> CR1 -> CR2 -> CR3 -> CR4 -> CR5 -> CR6 -> CR7,CR7 -> I_20 -> TR1 -> TR2 -> TR3 -> TR4 -> TR5 -> TR6 -> TR7 -> TR8 -> TR9 -> TR10 -> I_19 -> I_21 -> SML_St -> SML_Dr -> Bulky_1 -> Bulky_2,139.05,233.79,372.84,596.54,24,620.54
EXHAUST PIPE_6,EXHAUST PIPE,10,Bulky_2,CR7,Chassis RH,Bulky_2 -> I_17 -> I_13 -> I_14 -> I_19 -> EG_R1 -> EG_R2 -> EG_R3 -> CR1 -> CR2 -> CR3 -> CR4 -> CR5 -> CR6 -> CR7,CR7 -> I_20 -> TR1 -> TR2 -> TR3 -> TR4 -> TR5 -> TR6 -> TR7 -> TR8 -> TR9 -> TR10 -> I_19 -> I_21 -> SML_St -> SML_Dr -> Bulky_1 -> Bulky_2,139.05,233.79,372.84,596.54,24,620.54
WEATHERSTRIP_1,WEATHERSTRIP,10,Bulky_2,T0,Trim Zero,Bulky_2 -> I_17 -> I_18 -> I_15 -> EG_L1 -> EG_L2 -> EG_L3 -> CL1 -> CL2 -> CL3 -> CL4 -> CL5 -> CL6 -> CL7 -> I_16 -> I_12 -> T0,T0 -> I_12 -> I_16 -> I_20 -> TR1 -> TR2 -> TR3 -> TR4 -> TR5 -> TR6 -> TR7 -> TR8 -> TR9 -> TR10 -> I_19 -> I_21 -> SML_St -> SML_Dr -> Bulky_1 -> Bulky_2,181.34,227.72,409.06,654.5,24,678.5
WEATHERSTRIP_2,WEATHERSTRIP,10,Bulky_2,T0,Trim Zero,Bulky_2 -> I_17 -> I_18 -> I_15 -> EG_L1 -> EG_L2 -> EG_L3 -> CL1 -> CL2 -> CL3 -> CL4 -> CL5 -> CL6 -> CL7 -> I_16 -> I_12 -> T0,T0 -> I_12 -> I_16 -> I_20 -> TR1 -> TR2 -> TR3 -> TR4 -> TR5 -> TR6 -> TR7 -> TR8 -> TR9 -> TR10 -> I_19 -> I_21 -> SML_St -> SML_Dr -> Bulky_1 -> Bulky_2,181.34,227.72,409.06,654.5,24,678.5
WEATHERSTRIP_3,WEATHERSTRIP,10,Bulky_2,T0,Trim Zero,Bulky_2 -> I_17 -> I_18 -> I_15 -> EG_L1 -> EG_L2 -> EG_L3 -> CL1 -> CL2 -> CL3 -> CL4 -> CL5 -> CL6 -> CL7 -> I_16 -> I_12 -> T0,T0 -> I_12 -> I_16 -> I_20 -> TR1 -> TR2 -> TR3 -> TR4 -> TR5 -> TR6 -> TR7 -> TR8 -> TR9 -> TR10 -> I_19 -> I_21 -> SML_St -> SML_Dr -> Bulky_1 -> Bulky_2,181.34,227.72,409.06,654.5,24,678.5
WEATHERSTRIP_4,WEATHERSTRIP,10,Bulky_2,T0,Trim Zero,Bulky_2 -> I_17 -> I_18 -> I_15 -> EG_L1 -> EG_L2 -> EG_L3 -> CL1 -> CL2 -> CL3 -> CL4 -> CL5 -> CL6 -> CL7 -> I_16 -> I_12 -> T0,T0 -> I_12 -> I_16 -> I_20 -> TR1 -> TR2 -> TR3 -> TR4 -> TR5 -> TR6 -> TR7 -> TR8 -> TR9 -> TR10 -> I_19 -> I_21 -> SML_St -> SML_Dr -> Bulky_1 -> Bulky_2,181.34,227.72,409.06,654.5,24,678.5
WEATHERSTRIP_5,WEATHERSTRIP,10,Bulky_2,T0,Trim Zero,Bulky_2 -> I_17 -> I_18 -> I_15 -> EG_L1 -> EG_L2 -> EG_L3 -> CL1 -> CL2 -> CL3 -> CL4 -> CL5 -> CL6 -> CL7 -> I_16 -> I_12 -> T0,T0 -> I_12 -> I_16 -> I_20 -> TR1 -> TR2 -> TR3 -> TR4 -> TR5 -> TR6 -> TR7 -> TR8 -> TR9 -> TR10 -> I_19 -> I_21 -> SML_St -> SML_Dr -> Bulky_1 -> Bulky_2,181.34,227.72,409.06,654.5,24,678.5
WEATHERSTRIP_6,WEATHERSTRIP,10,Bulky_2,T0,Trim Zero,Bulky_2 -> I_17 -> I_18 -> I_15 -> EG_L1 -> EG_L2 -> EG_L3 -> CL1 -> CL2 -> CL3 -> CL4 -> CL5 -> CL6 -> CL7 -> I_16 -> I_12 -> T0,T0 -> I_12 -> I_16 -> I_20 -> TR1 -> TR2 -> TR3 -> TR4 -> TR5 -> TR6 -> TR7 -> TR8 -> TR9 -> TR10 -> I_19 -> I_21 -> SML_St -> SML_Dr -> Bulky_1 -> Bulky_2,181.34,227.72,409.06,654.5,24,678.5
H- VAC_1,H- VAC,10,SML_Dr,TR10,Trimline RH,SML_Dr -> SML_St -> I_21 -> I_19 -> TR10,TR10 -> I_19 -> I_21 -> SML_St -> SML_Dr,79.27,79.27,158.54,253.66,24,277.66
H- VAC_2,H- VAC,10,SML_Dr,TR10,Trimline RH,SML_Dr -> SML_St -> I_21 -> I_19 -> TR10,TR10 -> I_19 -> I_21 -> SML_St -> SML_Dr,79.27,79.27,158.54,253.66,24,277.66
H- VAC_3,H- VAC,10,SML_Dr,TR10,Trimline RH,SML_Dr -> SML_St -> I_21 -> I_19 -> TR10,TR10 -> I_19 -> I_21 -> SML_St -> SML_Dr,79.27,79.27,158.54,253.66,24,277.66
H- VAC_4,H- VAC,10,SML_Dr,TR10,Trimline RH,SML_Dr -> SML_St -> I_21 -> I_19 -> TR10,TR10 -> I_19 -> I_21 -> SML_St -> SML_Dr,79.27,79.27,158.54,253.66,24,277.66
H- VAC_5,H- VAC,10,SML_Dr,TR10,Trimline RH,SML_Dr -> SML_St -> I_21 -> I_19 -> TR10,TR10 -> I_19 -> I_21 -> SML_St -> SML_Dr,79.27,79.27,158.54,253.66,24,277.66
H- VAC_6,H- VAC,10,SML_Dr,TR10,Trimline RH,SML_Dr -> SML_St -> I_21 -> I_19 -> TR10,TR10 -> I_19 -> I_21 -> SML_St -> SML_Dr,79.27,79.27,158.54,253.66,24,277.66
CONDENSER_1,CONDENSER,10,SML_Dr,TR10,Trimline RH,SML_Dr -> SML_St -> I_21 -> I_19 -> TR10,TR10 -> I_19 -> I_21 -> SML_St -> SML_Dr,79.27,79.27,158.54,253.66,24,277.66
CONDENSER_2,CONDENSER,10,SML_Dr,TR10,Trimline RH,SML_Dr -> SML_St -> I_21 -> I_19 -> TR10,TR10 -> I_19 -> I_21 -> SML_St -> SML_Dr,79.27,79.27,158.54,253.66,24,277.66
CONDENSER_3,CONDENSER,10,SML_Dr,TR10,Trimline RH,SML_Dr -> SML_St -> I_21 -> I_19 -> TR10,TR10 -> I_19 -> I_21 -> SML_St -> SML_Dr,79.27,79.27,158.54,253.66,24,277.66
CONDENSER_4,CONDENSER,10,SML_Dr,TR10,Trimline RH,SML_Dr -> SML_St -> I_21 -> I_19 -> TR10,TR10 -> I_19 -> I_21 -> SML_St -> SML_Dr,79.27,79.27,158.54,253.66,24,277.66
CONDENSER_5,CONDENSER,10,SML_Dr,TR10,Trimline RH,SML_Dr -> SML_St -> I_21 -> I_19 -> TR10,TR10 -> I_19 -> I_21 -> SML_St -> SML_Dr,79.27,79.27,158.54,253.66,24,277.66
CONDENSER_6,CONDENSER,10,SML_Dr,TR10,Trimline RH,SML_Dr -> SML_St -> I_21 -> I_19 -> TR10,TR10 -> I_19 -> I_21 -> SML_St -> SML_Dr,79.27,79.27,158.54,253.66,24,277.66
RADIO PARTS_1,RADIO PARTS,10,SML_Dr,AC_B,AC_Bldg,SML_Dr -> I_26 -> I_27 -> AC_B,AC_B -> I_27 -> I_26 -> SML_Dr,188.6,188.6,377.2,603.52,24,627.52
RADIO PARTS_2,RADIO PARTS,10,SML_Dr,AC_B,AC_Bldg,SML_Dr -> I_26 -> I_27 -> AC_B,AC_B -> I_27 -> I_26 -> SML_Dr,188.6,188.6,377.2,603.52,24,627.52
RADIO PARTS_3,RADIO PARTS,10,SML_Dr,AC_B,AC_Bldg,SML_Dr -> I_26 -> I_27 -> AC_B,AC_B -> I_27 -> I_26 -> SML_Dr,188.6,188.6,377.2,603.52,24,627.52
RADIO PARTS_4,RADIO PARTS,10,SML_Dr,AC_B,AC_Bldg,SML_Dr -> I_26 -> I_27 -> AC_B,AC_B -> I_27 -> I_26 -> SML_Dr,188.6,188.6,377.2,603.52,24,627.52
RADIO PARTS_5,RADIO PARTS,10,SML_Dr,AC_B,AC_Bldg,SML_Dr -> I_26 -> I_27 -> AC_B,AC_B -> I_27 -> I_26 -> SML_Dr,188.6,188.6,377.2,603.52,24,627.52
RADIO PARTS_6,RADIO PARTS,10,SML_Dr,AC_B,AC_Bldg,SML_Dr -> I_26 -> I_27 -> AC_B,AC_B -> I_27 -> I_26 -> SML_Dr,188.6,188.6,377.2,603.52,24,627.52
CARPET_1,CARPET,10,Bulky_1,TR2,Trimline RH,Bulky_1 -> SML_Dr -> SML_St -> I_21 -> I_19 -> EG_R1 -> EG_R2 -> EG_R3 -> CR1 -> CR2 -> CR3 -> CR4 -> CR5 -> CR6 -> CR7 -> I_20 -> TR1 -> TR2,TR2 -> TR3 -> TR4 -> TR5 -> TR6 -> TR7 -> TR8 -> TR9 -> TR10 -> I_19 -> I_21 -> SML_St -> SML_Dr -> Bulky_1,204.63,142.77,347.4,555.84,24,579.84
CARPET_2,CARPET,10,Bulky_1,TR2,Trimline RH,Bulky_1 -> SML_Dr -> SML_St -> I_21 -> I_19 -> EG_R1 -> EG_R2 -> EG_R3 -> CR1 -> CR2 -> CR3 -> CR4 -> CR5 -> CR6 -> CR7 -> I_20 -> TR1 -> TR2,TR2 -> TR3 -> TR4 -> TR5 -> TR6 -> TR7 -> TR8 -> TR9 -> TR10 -> I_19 -> I_21 -> SML_St -> SML_Dr -> Bulky_1,204.63,142.77,347.4,555.84,24,579.84
CARPET_3,CARPET,10,Bulky_1,TR2,Trimline RH,Bulky_1 -> SML_Dr -> SML_St -> I_21 -> I_19 -> EG_R1 -> EG_R2 -> EG_R3 -> CR1 -> CR2 -> CR3 -> CR4 -> CR5 -> CR6 -> CR7 -> I_20 -> TR1 -> TR2,TR2 -> TR3 -> TR4 -> TR5 -> TR6 -> TR7 -> TR8 -> TR9 -> TR10 -> I_19 -> I_21 -> SML_St -> SML_Dr -> Bulky_1,204.63,142.77,347.4,555.84,24,579.84
CARPET_4,CARPET,10,Bulky_1,TR2,Trimline RH,Bulky_1 -> SML_Dr -> SML_St -> I_21 -> I_19 -> EG_R1 -> EG_R2 -> EG_R3 -> CR1 -> CR2 -> CR3 -> CR4 -> CR5 -> CR6 -> CR7 -> I_20 -> TR1 -> TR2,TR2 -> TR3 -> TR4 -> TR5 -> TR6 -> TR7 -> TR8 -> TR9 -> TR10 -> I_19 -> I_21 -> SML_St -> SML_Dr -> Bulky_1,204.63,142.77,347.4,555.84,24,579.84
CARPET_5,CARPET,10,Bulky_1,TR2,Trimline RH,Bulky_1 -> SML_Dr -> SML_St -> I_21 -> I_19 -> EG_R1 -> EG_R2 -> EG_R3 -> CR1 -> CR2 -> CR3 -> CR4 -> CR5 -> CR6 -> CR7 -> I_20 -> TR1 -> TR2,TR2 -> TR3 -> TR4 -> TR5 -> TR6 -> TR7 -> TR8 -> TR9 -> TR10 -> I_19 -> I_21 -> SML_St -> SML_Dr -> Bulky_1,204.63,142.77,347.4,555.84,24,579.84
CARPET_6,CARPET,10,Bulky_1,TR2,Trimline RH,Bulky_1 -> SML_Dr -> SML_St -> I_21 -> I_19 -> EG_R1 -> EG_R2 -> EG_R3 -> CR1 -> CR2 -> CR3 -> CR4 -> CR5 -> CR6 -> CR7 -> I_20 -> TR1 -> TR2,TR2 -> TR3 -> TR4 -> TR5 -> TR6 -> TR7 -> TR8 -> TR9 -> TR10 -> I_19 -> I_21 -> SML_St -> SML_Dr -> Bulky_1,204.63,142.77,347.4,555.84,24,579.84
TRIM - 1 RH 1 - 8_1,TRIM - 1 RH 1 - 8,10,SML_St,TR4,Trimline RH,SML_St -> I_21 -> I_19 -> EG_R1 -> EG_R2 -> EG_R3 -> CR1 -> CR2 -> CR3 -> CR4 -> CR5 -> CR6 -> CR7 -> I_20 -> TR1 -> TR2 -> TR3 -> TR4,TR4 -> TR5 -> TR6 -> TR7 -> TR8 -> TR9 -> TR10 -> I_19 -> I_21 -> SML_St,178.06,94.14,272.2,435.52,80,515.52
TRIM - 1 RH 1 - 8_2,TRIM - 1 RH 1 - 8,10,SML_St,TR4,Trimline RH,SML_St -> I_21 -> I_19 -> EG_R1 -> EG_R2 -> EG_R3 -> CR1 -> CR2 -> CR3 -> CR4 -> CR5 -> CR6 -> CR7 -> I_20 -> TR1 -> TR2 -> TR3 -> TR4,TR4 -> TR5 -> TR6 -> TR7 -> TR8 -> TR9 -> TR10 -> I_19 -> I_21 -> SML_St,178.06,94.14,272.2,435.52,80,515.52
TRIM - 1 RH 1 - 8_3,TRIM - 1 RH 1 - 8,10,SML_St,TR4,Trimline RH,SML_St -> I_21 -> I_19 -> EG_R1 -> EG_R2 -> EG_R3 -> CR1 -> CR2 -> CR3 -> CR4 -> CR5 -> CR6 -> CR7 -> I_20 -> TR1 -> TR2 -> TR3 -> TR4,TR4 -> TR5 -> TR6 -> TR7 -> TR8 -> TR9 -> TR10 -> I_19 -> I_21 -> SML_St,178.06,94.14,272.2,435.52,80,515.52
TRIM - 1 RH 1 - 8_4,TRIM - 1 RH 1 - 8,10,SML_St,TR4,Trimline RH,SML_St -> I_21 -> I_19 -> EG_R1 -> EG_R2 -> EG_R3 -> CR1 -> CR2 -> CR3 -> CR4 -> CR5 -> CR6 -> CR7 -> I_20 -> TR1 -> TR2 -> TR3 -> TR4,TR4 -> TR5 -> TR6 -> TR7 -> TR8 -> TR9 -> TR10 -> I_19 -> I_21 -> SML_St,178.06,94.14,272.2,435.52,80,515.52
TRIM - 1 RH 1 - 8_5,TRIM - 1 RH 1 - 8,10,SML_St,TR4,Trimline RH,SML_St -> I_21 -> I_19 -> EG_R1 -> EG_R2 -> EG_R3 -> CR1 -> CR2 -> CR3 -> CR4 -> CR5 -> CR6 -> CR7 -> I_20 -> TR1 -> TR2 -> TR3 -> TR4,TR4 -> TR5 -> TR6 -> TR7 -> TR8 -> TR9 -> TR10 -> I_19 -> I_21 -> SML_St,178.06,94.14,272.2,435.52,80,515.52
TRIM - 1 RH 1 - 8_6,TRIM - 1 RH 1 - 8,10,SML_St,TR4,Trimline RH,SML_St -> I_21 -> I_19 -> EG_R1 -> EG_R2 -> EG_R3 -> CR1 -> CR2 -> CR3 -> CR4 -> CR5 -> CR6 -> CR7 -> I_20 -> TR1 -> TR2 -> TR3 -> TR4,TR4 -> TR5 -> TR6 -> TR7 -> TR8 -> TR9 -> TR10 -> I_19 -> I_21 -> SML_St,178.06,94.14,272.2,435.52,80,515.52
TRIM - 1 RH 9 - 12_1,TRIM - 1 RH 9 - 12,10,SML_St,TR10,Trimline RH,SML_St -> I_21 -> I_19 -> TR10,TR10 -> I_19 -> I_21 -> SML_St,61.03,61.03,122.06,195.3,80,275.3
TRIM - 1 RH 9 - 12_2,TRIM - 1 RH 9 - 12,10,SML_St,TR10,Trimline RH,SML_St -> I_21 -> I_19 -> TR10,TR10 -> I_19 -> I_21 -> SML_St,61.03,61.03,122.06,195.3,80,275.3
TRIM - 1 RH 9 - 12_3,TRIM - 1 RH 9 - 12,10,SML_St,TR10,Trimline RH,SML_St -> I_21 -> I_19 -> TR10,TR10 -> I_19 -> I_21 -> SML_St,61.03,61.03,122.06,195.3,80,275.3
TRIM - 1 RH 9 - 12_4,TRIM - 1 RH 9 - 12,10,SML_St,TR10,Trimline RH,SML_St -> I_21 -> I_19 -> TR10,TR10 -> I_19 -> I_21 -> SML_St,61.03,61.03,122.06,195.3,80,275.3
TRIM - 1 RH 9 - 12_5,TRIM - 1 RH 9 - 12,10,SML_St,TR10,Trimline RH,SML_St -> I_21 -> I_19 -> TR10,TR10 -> I_19 -> I_21 -> SML_St,61.03,61.03,122.06,195.3,80,275.3
TRIM - 1 RH 9 - 12_6,TRIM - 1 RH 9 - 12,10,SML_St,TR10,Trimline RH,SML_St -> I_21 -> I_19 -> TR10,TR10 -> I_19 -> I_21 -> SML_St,61.03,61.03,122.06,195.3,80,275.3
CHASSIS RH 1 -9_1,CHASSIS RH 1 -9,10,SML_St,CR5,Chassis RH,SML_St -> I_21 -> I_19 -> EG_R1 -> EG_R2 -> EG_R3 -> CR1 -> CR2 -> CR3 -> CR4 -> CR5,CR5 -> CR6 -> CR7 -> I_20 -> TR1 -> TR2 -> TR3 -> TR4 -> TR5 -> TR6 -> TR7 -> TR8 -> TR9 -> TR10 -> I_19 -> I_21 -> SML_St,89.82,182.38,272.2,435.52,80,515.52
CHASSIS RH 1 -9_2,CHASSIS RH 1 -9,10,SML_St,CR5,Chassis RH,SML_St -> I_21 -> I_19 -> EG_R1 -> EG_R2 -> EG_R3 -> CR1 -> CR2 -> CR3 -> CR4 -> CR5,CR5 -> CR6 -> CR7 -> I_20 -> TR1 -> TR2 -> TR3 -> TR4 -> TR5 -> TR6 -> TR7 -> TR8 -> TR9 -> TR10 -> I_19 -> I_21 -> SML_St,89.82,182.38,272.2,435.52,80,515.52
CHASSIS RH 1 -9_3,CHASSIS RH 1 -9,10,SML_St,CR5,Chassis RH,SML_St -> I_21 -> I_19 -> EG_R1 -> EG_R2 -> EG_R3 -> CR1 -> CR2 -> CR3 -> CR4 -> CR5,CR5 -> CR6 -> CR7 -> I_20 -> TR1 -> TR2 -> TR3 -> TR4 -> TR5 -> TR6 -> TR7 -> TR8 -> TR9 -> TR10 -> I_19 -> I_21 -> SML_St,89.82,182.38,272.2,435.52,80,515.52
CHASSIS RH 1 -9_4,CHASSIS RH 1 -9,10,SML_St,CR5,Chassis RH,SML_St -> I_21 -> I_19 -> EG_R1 -> EG_R2 -> EG_R3 -> CR1 -> CR2 -> CR3 -> CR4 -> CR5,CR5 -> CR6 -> CR7 -> I_20 -> TR1 -> TR2 -> TR3 -> TR4 -> TR5 -> TR6 -> TR7 -> TR8 -> TR9 -> TR10 -> I_19 -> I_21 -> SML_St,89.82,182.38,272.2,435.52,80,515.52
CHASSIS RH 1 -9_5,CHASSIS RH 1 -9,10,SML_St,CR5,Chassis RH,SML_St -> I_21 -> I_19 -> EG_R1 -> EG_R2 -> EG_R3 -> CR1 -> CR2 -> CR3 -> CR4 -> CR5,CR5 -> CR6 -> CR7 -> I_20 -> TR1 -> TR2 -> TR3 -> TR4 -> TR5 -> TR6 -> TR7 -> TR8 -> TR9 -> TR10 -> I_19 -> I_21 -> SML_St,89.82,182.38,272.2,435.52,80,515.52
CHASSIS RH 1 -9_6,CHASSIS RH 1 -9,10,SML_St,CR5,Chassis RH,SML_St -> I_21 -> I_19 -> EG_R1 -> EG_R2 -> EG_R3 -> CR1 -> CR2 -> CR3 -> CR4 -> CR5,CR5 -> CR6 -> CR7 -> I_20 -> TR1 -> TR2 -> TR3 -> TR4 -> TR5 -> TR6 -> TR7 -> TR8 -> TR9 -> TR10 -> I_19 -> I_21 -> SML_St,89.82,182.38,272.2,435.52,80,515.52
TRIM - 2 RH 1 - 3_1,TRIM - 2 RH 1 - 3,10,SML_St,EG_R1,Engine RH,SML_St -> I_21 -> I_19 -> EG_R1,EG_R1 -> EG_R2 -> EG_R3 -> CR1 -> CR2 -> CR3 -> CR4 -> CR5 -> CR6 -> CR7 -> I_20 -> TR1 -> TR2 -> TR3 -> TR4 -> TR5 -> TR6 -> TR7 -> TR8 -> TR9 -> TR10 -> I_19 -> I_21 -> SML_St,51.2,221,272.2,435.52,80,515.52
TRIM - 2 RH 1 - 3_2,TRIM - 2 RH 1 - 3,10,SML_St,EG_R1,Engine RH,SML_St -> I_21 -> I_19 -> EG_R1,EG_R1 -> EG_R2 -> EG_R3 -> CR1 -> CR2 -> CR3 -> CR4 -> CR5 -> CR6 -> CR7 -> I_20 -> TR1 -> TR2 -> TR3 -> TR4 -> TR5 -> TR6 -> TR7 -> TR8 -> TR9 -> TR10 -> I_19 -> I_21 -> SML_St,51.2,221,272.2,435.52,80,515.52
TRIM - 2 RH 1 - 3_3,TRIM - 2 RH 1 - 3,10,SML_St,EG_R1,Engine RH,SML_St -> I_21 -> I_19 -> EG_R1,EG_R1 -> EG_R2 -> EG_R3 -> CR1 -> CR2 -> CR3 -> CR4 -> CR5 -> CR6 -> CR7 -> I_20 -> TR1 -> TR2 -> TR3 -> TR4 -> TR5 -> TR6 -> TR7 -> TR8 -> TR9 -> TR10 -> I_19 -> I_21 -> SML_St,51.2,221,272.2,435.52,80,515.52
TRIM - 2 RH 1 - 3_4,TRIM - 2 RH 1 - 3,10,SML_St,EG_R1,Engine RH,SML_St -> I_21 -> I_19 -> EG_R1,EG_R1 -> EG_R2 -> EG_R3 -> CR1 -> CR2 -> CR3 -> CR4 -> CR5 -> CR6 -> CR7 -> I_20 -> TR1 -> TR2 -> TR3 -> TR4 -> TR5 -> TR6 -> TR7 -> TR8 -> TR9 -> TR10 -> I_19 -> I_21 -> SML_St,51.2,221,272.2,435.52,80,515.52
TRIM - 2 RH 1 - 3_5,TRIM - 2 RH 1 - 3,10,SML_St,EG_R1,Engine RH,SML_St -> I_21 -> I_19 -> EG_R1,EG_R1 -> EG_R2 -> EG_R3 -> CR1 -> CR2 -> CR3 -> CR4 -> CR5 -> CR6 -> CR7 -> I_20 -> TR1 -> TR2 -> TR3 -> TR4 -> TR5 -> TR6 -> TR7 -> TR8 -> TR9 -> TR10 -> I_19 -> I_21 -> SML_St,51.2,221,272.2,435.52,80,515.52
TRIM - 2 RH 1 - 3_6,TRIM - 2 RH 1 - 3,10,SML_St,EG_R1,Engine RH,SML_St -> I_21 -> I_19 -> EG_R1,EG_R1 -> EG_R2 -> EG_R3 -> CR1 -> CR2 -> CR3 -> CR4 -> CR5 -> CR6 -> CR7 -> I_20 -> TR1 -> TR2 -> TR3 -> TR4 -> TR5 -> TR6 -> TR7 -> TR8 -> TR9 -> TR10 -> I_19 -> I_21 -> SML_St,51.2,221,272.2,435.52,80,515.52
FINAL RH 1 - 3_1,FINAL RH 1 - 3,10,SML_St,FR2,Final RH,SML_St -> I_26 -> I_27 -> I_25 -> I_22 -> FR1 -> FR2,FR2 -> FR3 -> FR4 -> FR5 -> FR6 -> FR7 -> FR8 -> FR9 -> I_21 -> SML_St,179.05,92.45,271.5,434.4,80,514.4
FINAL RH 1 - 3_2,FINAL RH 1 - 3,10,SML_St,FR2,Final RH,SML_St -> I_26 -> I_27 -> I_25 -> I_22 -> FR1 -> FR2,FR2 -> FR3 -> FR4 -> FR5 -> FR6 -> FR7 -> FR8 -> FR9 -> I_21 -> SML_St,179.05,92.45,271.5,434.4,80,514.4
FINAL RH 1 - 3_3,FINAL RH 1 - 3,10,SML_St,FR2,Final RH,SML_St -> I_26 -> I_27 -> I_25 -> I_22 -> FR1 -> FR2,FR2 -> FR3 -> FR4 -> FR5 -> FR6 -> FR7 -> FR8 -> FR9 -> I_21 -> SML_St,179.05,92.45,271.5,434.4,80,514.4
FINAL RH 1 - 3_4,FINAL RH 1 - 3,10,SML_St,FR2,Final RH,SML_St -> I_26 -> I_27 -> I_25 -> I_22 -> FR1 -> FR2,FR2 -> FR3 -> FR4 -> FR5 -> FR6 -> FR7 -> FR8 -> FR9 -> I_21 -> SML_St,179.05,92.45,271.5,434.4,80,514.4
FINAL RH 1 - 3_5,FINAL RH 1 - 3,10,SML_St,FR2,Final RH,SML_St -> I_26 -> I_27 -> I_25 -> I_22 -> FR1 -> FR2,FR2 -> FR3 -> FR4 -> FR5 -> FR6 -> FR7 -> FR8 -> FR9 -> I_21 -> SML_St,179.05,92.45,271.5,434.4,80,514.4
FINAL RH 1 - 3_6,FINAL RH 1 - 3,10,SML_St,FR2,Final RH,SML_St -> I_26 -> I_27 -> I_25 -> I_22 -> FR1 -> FR2,FR2 -> FR3 -> FR4 -> FR5 -> FR6 -> FR7 -> FR8 -> FR9 -> I_21 -> SML_St,179.05,92.45,271.5,434.4,80,514.4
FINAL RH 4 - 8_1,FINAL RH 4 - 8,10,SML_St,FR6,Final RH,SML_St -> I_26 -> I_27 -> I_25 -> I_22 -> FR1 -> FR2 -> FR3 -> FR4 -> FR5 -> FR6,FR6 -> FR7 -> FR8 -> FR9 -> I_21 -> SML_St,201.85,69.65,271.5,434.4,80,514.4
FINAL RH 4 - 8_2,FINAL RH 4 - 8,10,SML_St,FR6,Final RH,SML_St -> I_26 -> I_27 -> I_25 -> I_22 -> FR1 -> FR2 -> FR3 -> FR4 -> FR5 -> FR6,FR6 -> FR7 -> FR8 -> FR9 -> I_21 -> SML_St,201.85,69.65,271.5,434.4,80,514.4
FINAL RH 4 - 8_3,FINAL RH 4 - 8,10,SML_St,FR6,Final RH,SML_St -> I_26 -> I_27 -> I_25 -> I_22 -> FR1 -> FR2 -> FR3 -> FR4 -> FR5 -> FR6,FR6 -> FR7 -> FR8 -> FR9 -> I_21 -> SML_St,201.85,69.65,271.5,434.4,80,514.4
FINAL RH 4 - 8_4,FINAL RH 4 - 8,10,SML_St,FR6,Final RH,SML_St -> I_26 -> I_27 -> I_25 -> I_22 -> FR1 -> FR2 -> FR3 -> FR4 -> FR5 -> FR6,FR6 -> FR7 -> FR8 -> FR9 -> I_21 -> SML_St,201.85,69.65,271.5,434.4,80,514.4
FINAL RH 4 - 8_5,FINAL RH 4 - 8,10,SML_St,FR6,Final RH,SML_St -> I_26 -> I_27 -> I_25 -> I_22 -> FR1 -> FR2 -> FR3 -> FR4 -> FR5 -> FR6,FR6 -> FR7 -> FR8 -> FR9 -> I_21 -> SML_St,201.85,69.65,271.5,434.4,80,514.4
FINAL RH 4 - 8_6,FINAL RH 4 - 8,10,SML_St,FR6,Final RH,SML_St -> I_26 -> I_27 -> I_25 -> I_22 -> FR1 -> FR2 -> FR3 -> FR4 -> FR5 -> FR6,FR6 -> FR7 -> FR8 -> FR9 -> I_21 -> SML_St,201.85,69.65,271.5,434.4,80,514.4
TRIM - 1 LH 1 - 5_1,TRIM - 1 LH 1 - 5,10,SML_St,TL3,Trimline LH,SML_St -> I_26 -> I_27 -> I_25 -> I_22 -> TL1 -> TL2 -> TL3,TL3 -> TL4 -> TL5 -> TL6 -> TL7 -> TL8 -> TL9 -> TL10 -> I_21 -> SML_St,184.29,87.32,271.61,434.58,80,514.58
TRIM - 1 LH 1 - 5_2,TRIM - 1 LH 1 - 5,10,SML_St,TL3,Trimline LH,SML_St -> I_26 -> I_27 -> I_25 -> I_22 -> TL1 -> TL2 -> TL3,TL3 -> TL4 -> TL5 -> TL6 -> TL7 -> TL8 -> TL9 -> TL10 -> I_21 -> SML_St,184.29,87.32,271.61,434.58,80,514.58
TRIM - 1 LH 1 - 5_3,TRIM - 1 LH 1 - 5,10,SML_St,TL3,Trimline LH,SML_St -> I_26 -> I_27 -> I_25 -> I_22 -> TL1 -> TL2 -> TL3,TL3 -> TL4 -> TL5 -> TL6 -> TL7 -> TL8 -> TL9 -> TL10 -> I_21 -> SML_St,184.29,87.32,271.61,434.58,80,514.58
TRIM - 1 LH 1 - 5_4,TRIM - 1 LH 1 - 5,10,SML_St,TL3,Trimline LH,SML_St -> I_26 -> I_27 -> I_25 -> I_22 -> TL1 -> TL2 -> TL3,TL3 -> TL4 -> TL5 -> TL6 -> TL7 -> TL8 -> TL9 -> TL10 -> I_21 -> SML_St,184.29,87.32,271.61,434.58,80,514.58
TRIM - 1 LH 1 - 5_5,TRIM - 1 LH 1 - 5,10,SML_St,TL3,Trimline LH,SML_St -> I_26 -> I_27 -> I_25 -> I_22 -> TL1 -> TL2 -> TL3,TL3 -> TL4 -> TL5 -> TL6 -> TL7 -> TL8 -> TL9 -> TL10 -> I_21 -> SML_St,184.29,87.32,271.61,434.58,80,514.58
TRIM - 1 LH 1 - 5_6,TRIM - 1 LH 1 - 5,10,SML_St,TL3,Trimline LH,SML_St -> I_26 -> I_27 -> I_25 -> I_22 -> TL1 -> TL2 -> TL3,TL3 -> TL4 -> TL5 -> TL6 -> TL7 -> TL8 -> TL9 -> TL10 -> I_21 -> SML_St,184.29,87.32,271.61,434.58,80,514.58
TRIM - 1 LH 6 - 8_1,TRIM - 1 LH 6 - 8,10,SML_St,TL7,Trimline LH,SML_St -> I_26 -> I_27 -> I_25 -> I_22 -> TL1 -> TL2 -> TL3 -> TL4 -> TL5 -> TL6 -> TL7,TL7 -> TL8 -> TL9 -> TL10 -> I_21 -> SML_St,206.36,65.25,271.61,434.58,80,514.58
TRIM - 1 LH 6 - 8_2,TRIM - 1 LH 6 - 8,10,SML_St,TL7,Trimline LH,SML_St -> I_26 -> I_27 -> I_25 -> I_22 -> TL1 -> TL2 -> TL3 -> TL4 -> TL5 -> TL6 -> TL7,TL7 -> TL8 -> TL9 -> TL10 -> I_21 -> SML_St,206.36,65.25,271.61,434.58,80,514.58
TRIM - 1 LH 6 - 8_3,TRIM - 1 LH 6 - 8,10,SML_St,TL7,Trimline LH,SML_St -> I_26 -> I_27 -> I_25 -> I_22 -> TL1 -> TL2 -> TL3 -> TL4 -> TL5 -> TL6 -> TL7,TL7 -> TL8 -> TL9 -> TL10 -> I_21 -> SML_St,206.36,65.25,271.61,434.58,80,514.58
TRIM - 1 LH 6 - 8_4,TRIM - 1 LH 6 - 8,10,SML_St,TL7,Trimline LH,SML_St -> I_26 -> I_27 -> I_25 -> I_22 -> TL1 -> TL2 -> TL3 -> TL4 -> TL5 -> TL6 -> TL7,TL7 -> TL8 -> TL9 -> TL10 -> I_21 -> SML_St,206.36,65.25,271.61,434.58,80,514.58
TRIM - 1 LH 6 - 8_5,TRIM - 1 LH 6 - 8,10,SML_St,TL7,Trimline LH,SML_St -> I_26 -> I_27 -> I_25 -> I_22 -> TL1 -> TL2 -> TL3 -> TL4 -> TL5 -> TL6 -> TL7,TL7 -> TL8 -> TL9 -> TL10 -> I_21 -> SML_St,206.36,65.25,271.61,434.58,80,514.58
TRIM - 1 LH 6 - 8_6,TRIM - 1 LH 6 - 8,10,SML_St,TL7,Trimline LH,SML_St -> I_26 -> I_27 -> I_25 -> I_22 -> TL1 -> TL2 -> TL3 -> TL4 -> TL5 -> TL6 -> TL7,TL7 -> TL8 -> TL9 -> TL10 -> I_21 -> SML_St,206.36,65.25,271.61,434.58,80,514.58
TRIM - 1 LH 9 - 12_1,TRIM - 1 LH 9 - 12,10,SML_St,TL10,Trimline LH,SML_St -> I_26 -> I_27 -> I_25 -> I_22 -> TL1 -> TL2 -> TL3 -> TL4 -> TL5 -> TL6 -> TL7 -> TL8 -> TL9 -> TL10,TL10 -> I_21 -> SML_St,222.92,48.69,271.61,434.58,80,514.58
TRIM - 1 LH 9 - 12_2,TRIM - 1 LH 9 - 12,10,SML_St,TL10,Trimline LH,SML_St -> I_26 -> I_27 -> I_25 -> I_22 -> TL1 -> TL2 -> TL3 -> TL4 -> TL5 -> TL6 -> TL7 -> TL8 -> TL9 -> TL10,TL10 -> I_21 -> SML_St,222.92,48.69,271.61,434.58,80,514.58
TRIM - 1 LH 9 - 12_3,TRIM - 1 LH 9 - 12,10,SML_St,TL10,Trimline LH,SML_St -> I_26 -> I_27 -> I_25 -> I_22 -> TL1 -> TL2 -> TL3 -> TL4 -> TL5 -> TL6 -> TL7 -> TL8 -> TL9 -> TL10,TL10 -> I_21 -> SML_St,222.92,48.69,271.61,434.58,80,514.58
TRIM - 1 LH 9 - 12_4,TRIM - 1 LH 9 - 12,10,SML_St,TL10,Trimline LH,SML_St -> I_26 -> I_27 -> I_25 -> I_22 -> TL1 -> TL2 -> TL3 -> TL4 -> TL5 -> TL6 -> TL7 -> TL8 -> TL9 -> TL10,TL10 -> I_21 -> SML_St,222.92,48.69,271.61,434.58,80,514.58
TRIM - 1 LH 9 - 12_5,TRIM - 1 LH 9 - 12,10,SML_St,TL10,Trimline LH,SML_St -> I_26 -> I_27 -> I_25 -> I_22 -> TL1 -> TL2 -> TL3 -> TL4 -> TL5 -> TL6 -> TL7 -> TL8 -> TL9 -> TL10,TL10 -> I_21 -> SML_St,222.92,48.69,271.61,434.58,80,514.58
TRIM - 1 LH 9 - 12_6,TRIM - 1 LH 9 - 12,10,SML_St,TL10,Trimline LH,SML_St -> I_26 -> I_27 -> I_25 -> I_22 -> TL1 -> TL2 -> TL3 -> TL4 -> TL5 -> TL6 -> TL7 -> TL8 -> TL9 -> TL10,TL10 -> I_21 -> SML_St,222.92,48.69,271.61,434.58,80,514.58
"CHASSIS LH 1 - 9 , ENGINE 1 - 3_1","CHASSIS LH 1 - 9 , ENGINE 1 - 3",10,SML_St,CL4,Chassis LH,SML_St -> I_21 -> I_19 -> I_15 -> EG_L1 -> EG_L2 -> EG_L3 -> CL1 -> CL2 -> CL3 -> CL4,CL4 -> CL5 -> CL6 -> CL7 -> I_16 -> I_20 -> TR1 -> TR2 -> TR3 -> TR4 -> TR5 -> TR6 -> TR7 -> TR8 -> TR9 -> TR10 -> I_19 -> I_21 -> SML_St,97.5,199.46,296.96,475.14,80,555.14
"CHASSIS LH 1 - 9 , ENGINE 1 - 3_2","CHASSIS LH 1 - 9 , ENGINE 1 - 3",10,SML_St,CL4,Chassis LH,SML_St -> I_21 -> I_19 -> I_15 -> EG_L1 -> EG_L2 -> EG_L3 -> CL1 -> CL2 -> CL3 -> CL4,CL4 -> CL5 -> CL6 -> CL7 -> I_16 -> I_20 -> TR1 -> TR2 -> TR3 -> TR4 -> TR5 -> TR6 -> TR7 -> TR8 -> TR9 -> TR10 -> I_19 -> I_21 -> SML_St,97.5,199.46,296.96,475.14,80,555.14
"CHASSIS LH 1 - 9 , ENGINE 1 - 3_3","CHASSIS LH 1 - 9 , ENGINE 1 - 3",10,SML_St,CL4,Chassis LH,SML_St -> I_21 -> I_19 -> I_15 -> EG_L1 -> EG_L2 -> EG_L3 -> CL1 -> CL2 -> CL3 -> CL4,CL4 -> CL5 -> CL6 -> CL7 -> I_16 -> I_20 -> TR1 -> TR2 -> TR3 -> TR4 -> TR5 -> TR6 -> TR7 -> TR8 -> TR9 -> TR10 -> I_19 -> I_21 -> SML_St,97.5,199.46,296.96,475.14,80,555.14
"CHASSIS LH 1 - 9 , ENGINE 1 - 3_4","CHASSIS LH 1 - 9 , ENGINE 1 - 3",10,SML_St,CL4,Chassis LH,SML_St -> I_21 -> I_19 -> I_15 -> EG_L1 -> EG_L2 -> EG_L3 -> CL1 -> CL2 -> CL3 -> CL4,CL4 -> CL5 -> CL6 -> CL7 -> I_16 -> I_20 -> TR1 -> TR2 -> TR3 -> TR4 -> TR5 -> TR6 -> TR7 -> TR8 -> TR9 -> TR10 -> I_19 -> I_21 -> SML_St,97.5,199.46,296.96,475.14,80,555.14
"CHASSIS LH 1 - 9 , ENGINE 1 - 3_5","CHASSIS LH 1 - 9 , ENGINE 1 - 3",10,SML_St,CL4,Chassis LH,SML_St -> I_21 -> I_19 -> I_15 -> EG_L1 -> EG_L2 -> EG_L3 -> CL1 -> CL2 -> CL3 -> CL4,CL4 -> CL5 -> CL6 -> CL7 -> I_16 -> I_20 -> TR1 -> TR2 -> TR3 -> TR4 -> TR5 -> TR6 -> TR7 -> TR8 -> TR9 -> TR10 -> I_19 -> I_21 -> SML_St,97.5,199.46,296.96,475.14,80,555.14
"CHASSIS LH 1 - 9 , ENGINE 1 - 3_6","CHASSIS LH 1 - 9 , ENGINE 1 - 3",10,SML_St,CL4,Chassis LH,SML_St -> I_21 -> I_19 -> I_15 -> EG_L1 -> EG_L2 -> EG_L3 -> CL1 -> CL2 -> CL3 -> CL4,CL4 -> CL5 -> CL6 -> CL7 -> I_16 -> I_20 -> TR1 -> TR2 -> TR3 -> TR4 -> TR5 -> TR6 -> TR7 -> TR8 -> TR9 -> TR10 -> I_19 -> I_21 -> SML_St,97.5,199.46,296.96,475.14,80,555.14
TRIM 2 LH 1 - 3_1,TRIM 2 LH 1 - 3,10,SML_St,TL2,Trimline LH,SML_St -> I_26 -> I_27 -> I_25 -> I_22 -> TL1 -> TL2,TL2 -> TL3 -> TL4 -> TL5 -> TL6 -> TL7 -> TL8 -> TL9 -> TL10 -> I_21 -> SML_St,178.78,92.83,271.61,434.58,80,514.58
TRIM 2 LH 1 - 3_2,TRIM 2 LH 1 - 3,10,SML_St,TL2,Trimline LH,SML_St -> I_26 -> I_27 -> I_25 -> I_22 -> TL1 -> TL2,TL2 -> TL3 -> TL4 -> TL5 -> TL6 -> TL7 -> TL8 -> TL9 -> TL10 -> I_21 -> SML_St,178.78,92.83,271.61,434.58,80,514.58
TRIM 2 LH 1 - 3_3,TRIM 2 LH 1 - 3,10,SML_St,TL2,Trimline LH,SML_St -> I_26 -> I_27 -> I_25 -> I_22 -> TL1 -> TL2,TL2 -> TL3 -> TL4 -> TL5 -> TL6 -> TL7 -> TL8 -> TL9 -> TL10 -> I_21 -> SML_St,178.78,92.83,271.61,434.58,80,514.58
TRIM 2 LH 1 - 3_4,TRIM 2 LH 1 - 3,10,SML_St,TL2,Trimline LH,SML_St -> I_26 -> I_27 -> I_25 -> I_22 -> TL1 -> TL2,TL2 -> TL3 -> TL4 -> TL5 -> TL6 -> TL7 -> TL8 -> TL9 -> TL10 -> I_21 -> SML_St,178.78,92.83,271.61,434.58,80,514.58
TRIM 2 LH 1 - 3_5,TRIM 2 LH 1 - 3,10,SML_St,TL2,Trimline LH,SML_St -> I_26 -> I_27 -> I_25 -> I_22 -> TL1 -> TL2,TL2 -> TL3 -> TL4 -> TL5 -> TL6 -> TL7 -> TL8 -> TL9 -> TL10 -> I_21 -> SML_St,178.78,92.83,271.61,434.58,80,514.58
TRIM 2 LH 1 - 3_6,TRIM 2 LH 1 - 3,10,SML_St,TL2,Trimline LH,SML_St -> I_26 -> I_27 -> I_25 -> I_22 -> TL1 -> TL2,TL2 -> TL3 -> TL4 -> TL5 -> TL6 -> TL7 -> TL8 -> TL9 -> TL10 -> I_21 -> SML_St,178.78,92.83,271.61,434.58,80,514.58
FINAL LH 1 - 3_1,FINAL LH 1 - 3,10,SML_St,FL2,Final LH,SML_St -> I_26 -> I_27 -> I_25 -> FL1 -> FL2,FL2 -> FL3 -> FL4 -> FL5 -> FL6 -> FL7 -> FL8 -> FL9 -> I_24 -> SML_St,167.11,82.99,250.1,400.16,80,480.16
FINAL LH 1 - 3_2,FINAL LH 1 - 3,10,SML_St,FL2,Final LH,SML_St -> I_26 -> I_27 -> I_25 -> FL1 -> FL2,FL2 -> FL3 -> FL4 -> FL5 -> FL6 -> FL7 -> FL8 -> FL9 -> I_24 -> SML_St,167.11,82.99,250.1,400.16,80,480.16
FINAL LH 1 - 3_3,FINAL LH 1 - 3,10,SML_St,FL2,Final LH,SML_St -> I_26 -> I_27 -> I_25 -> FL1 -> FL2,FL2 -> FL3 -> FL4 -> FL5 -> FL6 -> FL7 -> FL8 -> FL9 -> I_24 -> SML_St,167.11,82.99,250.1,400.16,80,480.16
FINAL LH 1 - 3_4,FINAL LH 1 - 3,10,SML_St,FL2,Final LH,SML_St -> I_26 -> I_27 -> I_25 -> FL1 -> FL2,FL2 -> FL3 -> FL4 -> FL5 -> FL6 -> FL7 -> FL8 -> FL9 -> I_24 -> SML_St,167.11,82.99,250.1,400.16,80,480.16
FINAL LH 1 - 3_5,FINAL LH 1 - 3,10,SML_St,FL2,Final LH,SML_St -> I_26 -> I_27 -> I_25 -> FL1 -> FL2,FL2 -> FL3 -> FL4 -> FL5 -> FL6 -> FL7 -> FL8 -> FL9 -> I_24 -> SML_St,167.11,82.99,250.1,400.16,80,480.16
FINAL LH 1 - 3_6,FINAL LH 1 - 3,10,SML_St,FL2,Final LH,SML_St -> I_26 -> I_27 -> I_25 -> FL1 -> FL2,FL2 -> FL3 -> FL4 -> FL5 -> FL6 -> FL7 -> FL8 -> FL9 -> I_24 -> SML_St,167.11,82.99,250.1,400.16,80,480.16
FINAL LH 4 - 8_1,FINAL LH 4 - 8,10,SML_St,FL5,Final LH,SML_St -> I_26 -> I_27 -> I_25 -> FL1 -> FL2 -> FL3 -> FL4 -> FL5,FL5 -> FL6 -> FL7 -> FL8 -> FL9 -> I_24 -> SML_St,184.21,65.89,250.1,400.16,80,480.16
FINAL LH 4 - 8_2,FINAL LH 4 - 8,10,SML_St,FL5,Final LH,SML_St -> I_26 -> I_27 -> I_25 -> FL1 -> FL2 -> FL3 -> FL4 -> FL5,FL5 -> FL6 -> FL7 -> FL8 -> FL9 -> I_24 -> SML_St,184.21,65.89,250.1,400.16,80,480.16
FINAL LH 4 - 8_3,FINAL LH 4 - 8,10,SML_St,FL5,Final LH,SML_St -> I_26 -> I_27 -> I_25 -> FL1 -> FL2 -> FL3 -> FL4 -> FL5,FL5 -> FL6 -> FL7 -> FL8 -> FL9 -> I_24 -> SML_St,184.21,65.89,250.1,400.16,80,480.16
FINAL LH 4 - 8_4,FINAL LH 4 - 8,10,SML_St,FL5,Final LH,SML_St -> I_26 -> I_27 -> I_25 -> FL1 -> FL2 -> FL3 -> FL4 -> FL5,FL5 -> FL6 -> FL7 -> FL8 -> FL9 -> I_24 -> SML_St,184.21,65.89,250.1,400.16,80,480.16
FINAL LH 4 - 8_5,FINAL LH 4 - 8,10,SML_St,FL5,Final LH,SML_St -> I_26 -> I_27 -> I_25 -> FL1 -> FL2 -> FL3 -> FL4 -> FL5,FL5 -> FL6 -> FL7 -> FL8 -> FL9 -> I_24 -> SML_St,184.21,65.89,250.1,400.16,80,480.16
FINAL LH 4 - 8_6,FINAL LH 4 - 8,10,SML_St,FL5,Final LH,SML_St -> I_26 -> I_27 -> I_25 -> FL1 -> FL2 -> FL3 -> FL4 -> FL5,FL5 -> FL6 -> FL7 -> FL8 -> FL9 -> I_24 -> SML_St,184.21,65.89,250.1,400.16,80,480.16
