Trip_ID,Assigned_Driver,Lineside_Group,Aisle_ID,Primary_Part,DEL_QTY,Start_Offset_Min,Duration_Min,Parts_Delivered,Outbound_Path,Return_Path
TRIP_087,1,Trimline LH,AISLE_A,CYLINDER ASSY BRAKE MASTER,20,0,9.22,"CYLINDER ASSY BRAKE MASTER, BUMPER FR ( PAINTED ), BUMPER RR ( PAINTED )",SML_Dr -> I_26 -> I_27 -> I_25 -> I_22 -> TL1 -> TL2,TL2 -> TL3 -> TL4 -> TL5 -> TL6 -> TL7 -> TL8 -> TL9 -> TL10 -> I_21 -> SML_St -> SML_Dr
TRIP_093,1,Trimline LH,AISLE_A,"DR GLASS, FR/RR, LH",30,3,10.25,"DR GLASS, FR/RR, LH, BUMPER FR ( PAINTED ), BUMPER RR ( PAINTED )",Bulky_1 -> SML_Dr -> I_26 -> I_27 -> I_25 -> I_22 -> TL1,TL1 -> TL2 -> TL3 -> TL4 -> TL5 -> TL6 -> TL7 -> TL8 -> TL9 -> TL10 -> I_21 -> SML_St -> SML_Dr -> Bulky_1
TRIP_099,1,Trimline LH,AISLE_A,"PAD S/A, INST PNL SAFETY, LOWER",30,6,11.19,"PAD S/A, INST PNL SAFETY, LOWER, PAD S/A, INS'T PNL SAFETY, UPPER, DR TRIM FR/RR, LH",Bulky_2 -> I_17 -> I_13 -> I_14 -> I_19 -> EG_R1 -> EG_R2 -> EG_R3 -> CR1 -> CR2 -> CR3 -> CR4 -> CR5 -> CR6 -> CR7 -> I_20 -> I_22 -> TL1,TL1 -> TL2 -> TL3 -> TL4 -> TL5 -> TL6 -> TL7 -> TL8 -> TL9 -> TL10 -> I_21 -> SML_St -> SML_Dr -> Bulky_1 -> Bulky_2
TRIP_096,1,Trimline LH,AISLE_A,"DR TRIM FR/RR, LH",20,9,11.19,"DR TRIM FR/RR, LH, BUMPER FR ( PAINTED ), BUMPER RR ( PAINTED )",Bulky_2 -> I_17 -> I_13 -> I_14 -> I_19 -> EG_R1 -> EG_R2 -> EG_R3 -> CR1 -> CR2 -> CR3 -> CR4 -> CR5 -> CR6 -> CR7 -> I_20 -> I_22 -> TL1,TL1 -> TL2 -> TL3 -> TL4 -> TL5 -> TL6 -> TL7 -> TL8 -> TL9 -> TL10 -> I_21 -> SML_St -> SML_Dr -> Bulky_1 -> Bulky_2
TRIP_111,1,Trimline LH,AISLE_A,TRIM 2 LH 1 - 3,30,12,11.24,"TRIM 2 LH 1 - 3, TRIM - 1 LH 6 - 8, TRIM - 1 LH 9 - 12",SML_St -> I_26 -> I_27 -> I_25 -> I_22 -> TL1 -> TL2 -> TL3 -> TL4 -> TL5 -> TL6 -> TL7,TL7 -> TL8 -> TL9 -> TL10 -> I_21 -> SML_St
TRIP_049,1,Final LH,INDEPENDENT,BCK WNDW GLASS W/ and W/O ANT.,40,15,10.61,"BCK WNDW GLASS W/ and W/O ANT., BATTERY, FINAL LH 1 - 3",Bulky_1 -> SML_Dr -> I_26 -> I_27 -> I_25 -> FL1 -> FL2 -> FL3,FL3 -> FL4 -> FL5 -> FL6 -> FL7 -> FL8 -> FL9 -> I_24 -> SML_Dr -> Bulky_1
TRIP_105,1,Trimline LH,AISLE_A,TRIM - 1 LH 1 - 5,30,18,9.38,"TRIM - 1 LH 1 - 5, REINFORCEMENT S/A, INS'T PNL, STEERING COLUMN",SML_St -> I_26 -> I_27 -> I_25 -> I_22 -> TL1 -> TL2 -> TL3,TL3 -> TL4 -> TL5 -> TL6 -> TL7 -> TL8 -> TL9 -> TL10 -> I_21 -> SML_St
TRIP_052,1,Final LH,INDEPENDENT,BATTERY,30,21,11.54,"BATTERY, FINAL LH 1 - 3, FINAL LH 4 - 8",Bulky_1 -> SML_Dr -> I_26 -> I_27 -> I_25 -> FL1 -> FL2 -> FL3,FL3 -> FL4 -> FL5 -> FL6 -> FL7 -> FL8 -> FL9 -> I_24 -> SML_Dr -> Bulky_1
TRIP_058,1,Final LH,INDEPENDENT,SPARE WHEEL COVER,23,24,11.0,"SPARE WHEEL COVER, LUGGAGE MAT, SEAT ASSY",Bulky_2 -> Bulky_1 -> SML_Dr -> I_26 -> I_27 -> I_25 -> FL1 -> FL2 -> FL3 -> FL4 -> FL5 -> FL6,FL6 -> FL7 -> FL8 -> FL9 -> I_24 -> SML_Dr -> Bulky_1 -> Bulky_2
TRIP_055,1,Final LH,INDEPENDENT,LUGGAGE MAT,23,27,11.93,"LUGGAGE MAT, FINAL LH 4 - 8, SEAT ASSY",Bulky_2 -> Bulky_1 -> SML_Dr -> I_26 -> I_27 -> I_25 -> FL1 -> FL2 -> FL3 -> FL4 -> FL5 -> FL6,FL6 -> FL7 -> FL8 -> FL9 -> I_24 -> SML_Dr -> Bulky_1 -> Bulky_2
TRIP_106,1,Trimline LH,AISLE_A,TRIM - 1 LH 1 - 5,30,75,9.38,"TRIM - 1 LH 1 - 5, REINFORCEMENT S/A, INS'T PNL, STEERING COLUMN",SML_St -> I_26 -> I_27 -> I_25 -> I_22 -> TL1 -> TL2 -> TL3,TL3 -> TL4 -> TL5 -> TL6 -> TL7 -> TL8 -> TL9 -> TL10 -> I_21 -> SML_St
TRIP_056,1,Final LH,INDEPENDENT,LUGGAGE MAT,23,78,11.93,"LUGGAGE MAT, FINAL LH 4 - 8, SEAT ASSY",Bulky_2 -> Bulky_1 -> SML_Dr -> I_26 -> I_27 -> I_25 -> FL1 -> FL2 -> FL3 -> FL4 -> FL5 -> FL6,FL6 -> FL7 -> FL8 -> FL9 -> I_24 -> SML_Dr -> Bulky_1 -> Bulky_2
TRIP_053,1,Final LH,INDEPENDENT,BATTERY,30,81,11.54,"BATTERY, FINAL LH 1 - 3, FINAL LH 4 - 8",Bulky_1 -> SML_Dr -> I_26 -> I_27 -> I_25 -> FL1 -> FL2 -> FL3,FL3 -> FL4 -> FL5 -> FL6 -> FL7 -> FL8 -> FL9 -> I_24 -> SML_Dr -> Bulky_1
TRIP_100,1,Trimline LH,AISLE_A,"PAD S/A, INST PNL SAFETY, LOWER",30,84,11.19,"PAD S/A, INST PNL SAFETY, LOWER, PAD S/A, INS'T PNL SAFETY, UPPER, DR TRIM FR/RR, LH",Bulky_2 -> I_17 -> I_13 -> I_14 -> I_19 -> EG_R1 -> EG_R2 -> EG_R3 -> CR1 -> CR2 -> CR3 -> CR4 -> CR5 -> CR6 -> CR7 -> I_20 -> I_22 -> TL1,TL1 -> TL2 -> TL3 -> TL4 -> TL5 -> TL6 -> TL7 -> TL8 -> TL9 -> TL10 -> I_21 -> SML_St -> SML_Dr -> Bulky_1 -> Bulky_2
TRIP_059,1,Final LH,INDEPENDENT,SPARE WHEEL COVER,23,87,11.0,"SPARE WHEEL COVER, LUGGAGE MAT, SEAT ASSY",Bulky_2 -> Bulky_1 -> SML_Dr -> I_26 -> I_27 -> I_25 -> FL1 -> FL2 -> FL3 -> FL4 -> FL5 -> FL6,FL6 -> FL7 -> FL8 -> FL9 -> I_24 -> SML_Dr -> Bulky_1 -> Bulky_2
TRIP_097,1,Trimline LH,AISLE_A,"DR TRIM FR/RR, LH",20,90,11.19,"DR TRIM FR/RR, LH, BUMPER FR ( PAINTED ), BUMPER RR ( PAINTED )",Bulky_2 -> I_17 -> I_13 -> I_14 -> I_19 -> EG_R1 -> EG_R2 -> EG_R3 -> CR1 -> CR2 -> CR3 -> CR4 -> CR5 -> CR6 -> CR7 -> I_20 -> I_22 -> TL1,TL1 -> TL2 -> TL3 -> TL4 -> TL5 -> TL6 -> TL7 -> TL8 -> TL9 -> TL10 -> I_21 -> SML_St -> SML_Dr -> Bulky_1 -> Bulky_2
TRIP_088,1,Trimline LH,AISLE_A,CYLINDER ASSY BRAKE MASTER,20,93,9.22,"CYLINDER ASSY BRAKE MASTER, BUMPER FR ( PAINTED ), BUMPER RR ( PAINTED )",SML_Dr -> I_26 -> I_27 -> I_25 -> I_22 -> TL1 -> TL2,TL2 -> TL3 -> TL4 -> TL5 -> TL6 -> TL7 -> TL8 -> TL9 -> TL10 -> I_21 -> SML_St -> SML_Dr
TRIP_112,1,Trimline LH,AISLE_A,TRIM 2 LH 1 - 3,30,96,11.24,"TRIM 2 LH 1 - 3, TRIM - 1 LH 6 - 8, TRIM - 1 LH 9 - 12",SML_St -> I_26 -> I_27 -> I_25 -> I_22 -> TL1 -> TL2 -> TL3 -> TL4 -> TL5 -> TL6 -> TL7,TL7 -> TL8 -> TL9 -> TL10 -> I_21 -> SML_St
TRIP_089,1,Trimline LH,AISLE_A,CYLINDER ASSY BRAKE MASTER,20,150,9.22,"CYLINDER ASSY BRAKE MASTER, BUMPER FR ( PAINTED ), BUMPER RR ( PAINTED )",SML_Dr -> I_26 -> I_27 -> I_25 -> I_22 -> TL1 -> TL2,TL2 -> TL3 -> TL4 -> TL5 -> TL6 -> TL7 -> TL8 -> TL9 -> TL10 -> I_21 -> SML_St -> SML_Dr
TRIP_050,1,Final LH,INDEPENDENT,BCK WNDW GLASS W/ and W/O ANT.,40,153,10.61,"BCK WNDW GLASS W/ and W/O ANT., BATTERY, FINAL LH 1 - 3",Bulky_1 -> SML_Dr -> I_26 -> I_27 -> I_25 -> FL1 -> FL2 -> FL3,FL3 -> FL4 -> FL5 -> FL6 -> FL7 -> FL8 -> FL9 -> I_24 -> SML_Dr -> Bulky_1
TRIP_054,1,Final LH,INDEPENDENT,BATTERY,30,156,11.54,"BATTERY, FINAL LH 1 - 3, FINAL LH 4 - 8",Bulky_1 -> SML_Dr -> I_26 -> I_27 -> I_25 -> FL1 -> FL2 -> FL3,FL3 -> FL4 -> FL5 -> FL6 -> FL7 -> FL8 -> FL9 -> I_24 -> SML_Dr -> Bulky_1
TRIP_057,1,Final LH,INDEPENDENT,LUGGAGE MAT,23,159,11.93,"LUGGAGE MAT, FINAL LH 4 - 8, SEAT ASSY",Bulky_2 -> Bulky_1 -> SML_Dr -> I_26 -> I_27 -> I_25 -> FL1 -> FL2 -> FL3 -> FL4 -> FL5 -> FL6,FL6 -> FL7 -> FL8 -> FL9 -> I_24 -> SML_Dr -> Bulky_1 -> Bulky_2
TRIP_101,1,Trimline LH,AISLE_A,"PAD S/A, INST PNL SAFETY, LOWER",30,162,11.19,"PAD S/A, INST PNL SAFETY, LOWER, PAD S/A, INS'T PNL SAFETY, UPPER, DR TRIM FR/RR, LH",Bulky_2 -> I_17 -> I_13 -> I_14 -> I_19 -> EG_R1 -> EG_R2 -> EG_R3 -> CR1 -> CR2 -> CR3 -> CR4 -> CR5 -> CR6 -> CR7 -> I_20 -> I_22 -> TL1,TL1 -> TL2 -> TL3 -> TL4 -> TL5 -> TL6 -> TL7 -> TL8 -> TL9 -> TL10 -> I_21 -> SML_St -> SML_Dr -> Bulky_1 -> Bulky_2
TRIP_113,1,Trimline LH,AISLE_A,TRIM 2 LH 1 - 3,30,165,11.24,"TRIM 2 LH 1 - 3, TRIM - 1 LH 6 - 8, TRIM - 1 LH 9 - 12",SML_St -> I_26 -> I_27 -> I_25 -> I_22 -> TL1 -> TL2 -> TL3 -> TL4 -> TL5 -> TL6 -> TL7,TL7 -> TL8 -> TL9 -> TL10 -> I_21 -> SML_St
TRIP_107,1,Trimline LH,AISLE_A,TRIM - 1 LH 1 - 5,30,168,9.38,"TRIM - 1 LH 1 - 5, REINFORCEMENT S/A, INS'T PNL, STEERING COLUMN",SML_St -> I_26 -> I_27 -> I_25 -> I_22 -> TL1 -> TL2 -> TL3,TL3 -> TL4 -> TL5 -> TL6 -> TL7 -> TL8 -> TL9 -> TL10 -> I_21 -> SML_St
TRIP_098,1,Trimline LH,AISLE_A,"DR TRIM FR/RR, LH",20,171,11.19,"DR TRIM FR/RR, LH, BUMPER FR ( PAINTED ), BUMPER RR ( PAINTED )",Bulky_2 -> I_17 -> I_13 -> I_14 -> I_19 -> EG_R1 -> EG_R2 -> EG_R3 -> CR1 -> CR2 -> CR3 -> CR4 -> CR5 -> CR6 -> CR7 -> I_20 -> I_22 -> TL1,TL1 -> TL2 -> TL3 -> TL4 -> TL5 -> TL6 -> TL7 -> TL8 -> TL9 -> TL10 -> I_21 -> SML_St -> SML_Dr -> Bulky_1 -> Bulky_2
TRIP_094,1,Trimline LH,AISLE_A,"DR GLASS, FR/RR, LH",30,174,10.25,"DR GLASS, FR/RR, LH, BUMPER FR ( PAINTED ), BUMPER RR ( PAINTED )",Bulky_1 -> SML_Dr -> I_26 -> I_27 -> I_25 -> I_22 -> TL1,TL1 -> TL2 -> TL3 -> TL4 -> TL5 -> TL6 -> TL7 -> TL8 -> TL9 -> TL10 -> I_21 -> SML_St -> SML_Dr -> Bulky_1
TRIP_090,1,Trimline LH,AISLE_A,CYLINDER ASSY BRAKE MASTER,20,225,9.22,"CYLINDER ASSY BRAKE MASTER, BUMPER FR ( PAINTED ), BUMPER RR ( PAINTED )",SML_Dr -> I_26 -> I_27 -> I_25 -> I_22 -> TL1 -> TL2,TL2 -> TL3 -> TL4 -> TL5 -> TL6 -> TL7 -> TL8 -> TL9 -> TL10 -> I_21 -> SML_St -> SML_Dr
TRIP_114,1,Trimline LH,AISLE_A,TRIM 2 LH 1 - 3,20,228,9.91,"TRIM 2 LH 1 - 3, TRIM - 1 LH 9 - 12",SML_St -> I_26 -> I_27 -> I_25 -> I_22 -> TL1 -> TL2 -> TL3 -> TL4 -> TL5 -> TL6 -> TL7 -> TL8 -> TL9 -> TL10,TL10 -> I_21 -> SML_St
TRIP_102,1,Trimline LH,AISLE_A,"PAD S/A, INST PNL SAFETY, LOWER",30,234,8.35,"PAD S/A, INST PNL SAFETY, LOWER, PAD S/A, INS'T PNL SAFETY, UPPER, REINFORCEMENT S/A, INS'T PNL",I_14 -> I_19 -> EG_R1 -> EG_R2 -> EG_R3 -> CR1 -> CR2 -> CR3 -> CR4 -> CR5 -> CR6 -> CR7 -> I_20 -> I_22 -> TL1 -> TL2 -> TL3 -> TL4 -> TL5 -> TL6 -> TL7 -> TL8,TL8 -> TL9 -> TL10 -> I_21 -> I_18 -> I_14
TRIP_108,1,Trimline LH,AISLE_A,TRIM - 1 LH 1 - 5,30,237,10.31,"TRIM - 1 LH 1 - 5, STEERING COLUMN, TRIM - 1 LH 6 - 8",SML_St -> I_26 -> I_27 -> I_25 -> I_22 -> TL1 -> TL2 -> TL3,TL3 -> TL4 -> TL5 -> TL6 -> TL7 -> TL8 -> TL9 -> TL10 -> I_21 -> SML_St
TRIP_115,1,Trimline LH,AISLE_A,TRIM 2 LH 1 - 3,20,300,9.91,"TRIM 2 LH 1 - 3, TRIM - 1 LH 9 - 12",SML_St -> I_26 -> I_27 -> I_25 -> I_22 -> TL1 -> TL2 -> TL3 -> TL4 -> TL5 -> TL6 -> TL7 -> TL8 -> TL9 -> TL10,TL10 -> I_21 -> SML_St
TRIP_051,1,Final LH,INDEPENDENT,BCK WNDW GLASS W/ and W/O ANT.,40,303,10.61,"BCK WNDW GLASS W/ and W/O ANT., BATTERY, FINAL LH 1 - 3",Bulky_1 -> SML_Dr -> I_26 -> I_27 -> I_25 -> FL1 -> FL2 -> FL3,FL3 -> FL4 -> FL5 -> FL6 -> FL7 -> FL8 -> FL9 -> I_24 -> SML_Dr -> Bulky_1
TRIP_095,1,Trimline LH,AISLE_A,"DR GLASS, FR/RR, LH",30,306,10.25,"DR GLASS, FR/RR, LH, BUMPER FR ( PAINTED ), BUMPER RR ( PAINTED )",Bulky_1 -> SML_Dr -> I_26 -> I_27 -> I_25 -> I_22 -> TL1,TL1 -> TL2 -> TL3 -> TL4 -> TL5 -> TL6 -> TL7 -> TL8 -> TL9 -> TL10 -> I_21 -> SML_St -> SML_Dr -> Bulky_1
TRIP_109,1,Trimline LH,AISLE_A,TRIM - 1 LH 1 - 5,30,309,10.31,"TRIM - 1 LH 1 - 5, STEERING COLUMN, TRIM - 1 LH 6 - 8",SML_St -> I_26 -> I_27 -> I_25 -> I_22 -> TL1 -> TL2 -> TL3,TL3 -> TL4 -> TL5 -> TL6 -> TL7 -> TL8 -> TL9 -> TL10 -> I_21 -> SML_St
TRIP_091,1,Trimline LH,AISLE_A,CYLINDER ASSY BRAKE MASTER,20,312,9.22,"CYLINDER ASSY BRAKE MASTER, BUMPER FR ( PAINTED ), BUMPER RR ( PAINTED )",SML_Dr -> I_26 -> I_27 -> I_25 -> I_22 -> TL1 -> TL2,TL2 -> TL3 -> TL4 -> TL5 -> TL6 -> TL7 -> TL8 -> TL9 -> TL10 -> I_21 -> SML_St -> SML_Dr
TRIP_103,1,Trimline LH,AISLE_A,"PAD S/A, INST PNL SAFETY, LOWER",30,315,8.35,"PAD S/A, INST PNL SAFETY, LOWER, PAD S/A, INS'T PNL SAFETY, UPPER, REINFORCEMENT S/A, INS'T PNL",I_14 -> I_19 -> EG_R1 -> EG_R2 -> EG_R3 -> CR1 -> CR2 -> CR3 -> CR4 -> CR5 -> CR6 -> CR7 -> I_20 -> I_22 -> TL1 -> TL2 -> TL3 -> TL4 -> TL5 -> TL6 -> TL7 -> TL8,TL8 -> TL9 -> TL10 -> I_21 -> I_18 -> I_14
TRIP_110,1,Trimline LH,AISLE_A,TRIM - 1 LH 1 - 5,30,375,10.31,"TRIM - 1 LH 1 - 5, STEERING COLUMN, TRIM - 1 LH 6 - 8",SML_St -> I_26 -> I_27 -> I_25 -> I_22 -> TL1 -> TL2 -> TL3,TL3 -> TL4 -> TL5 -> TL6 -> TL7 -> TL8 -> TL9 -> TL10 -> I_21 -> SML_St
TRIP_116,1,Trimline LH,AISLE_A,TRIM 2 LH 1 - 3,20,378,9.91,"TRIM 2 LH 1 - 3, TRIM - 1 LH 9 - 12",SML_St -> I_26 -> I_27 -> I_25 -> I_22 -> TL1 -> TL2 -> TL3 -> TL4 -> TL5 -> TL6 -> TL7 -> TL8 -> TL9 -> TL10,TL10 -> I_21 -> SML_St
TRIP_092,1,Trimline LH,AISLE_A,CYLINDER ASSY BRAKE MASTER,20,381,9.22,"CYLINDER ASSY BRAKE MASTER, BUMPER FR ( PAINTED ), BUMPER RR ( PAINTED )",SML_Dr -> I_26 -> I_27 -> I_25 -> I_22 -> TL1 -> TL2,TL2 -> TL3 -> TL4 -> TL5 -> TL6 -> TL7 -> TL8 -> TL9 -> TL10 -> I_21 -> SML_St -> SML_Dr
TRIP_104,1,Trimline LH,AISLE_A,"PAD S/A, INST PNL SAFETY, LOWER",30,384,8.35,"PAD S/A, INST PNL SAFETY, LOWER, PAD S/A, INS'T PNL SAFETY, UPPER, REINFORCEMENT S/A, INS'T PNL",I_14 -> I_19 -> EG_R1 -> EG_R2 -> EG_R3 -> CR1 -> CR2 -> CR3 -> CR4 -> CR5 -> CR6 -> CR7 -> I_20 -> I_22 -> TL1 -> TL2 -> TL3 -> TL4 -> TL5 -> TL6 -> TL7 -> TL8,TL8 -> TL9 -> TL10 -> I_21 -> I_18 -> I_14
TRIP_064,2,Final LH,INDEPENDENT,SEAT ASSY,3,0,10.2,SEAT ASSY,Bulky_2 -> Bulky_1 -> SML_Dr -> I_26 -> I_27 -> I_25 -> FL1 -> FL2 -> FL3 -> FL4 -> FL5 -> FL6,FL6 -> FL7 -> FL8 -> FL9 -> I_24 -> SML_Dr -> Bulky_1 -> Bulky_2
TRIP_013,2,Chassis LH,INDEPENDENT,FLOOR TUBES,30,3,12.13,"FLOOR TUBES, CHASSIS LH 1 - 9 , ENGINE 1 - 3, COIL SPRING FR/RR LH",Bulky_2 -> I_17 -> I_18 -> I_15 -> EG_L1 -> EG_L2 -> EG_L3 -> CL1 -> CL2 -> CL3 -> CL4,CL4 -> CL5 -> CL6 -> CL7 -> I_16 -> I_20 -> TR1 -> TR2 -> TR3 -> TR4 -> TR5 -> TR6 -> TR7 -> TR8 -> TR9 -> TR10 -> I_19 -> I_21 -> SML_St -> SML_Dr -> Bulky_1 -> Bulky_2
TRIP_007,2,Chassis LH,INDEPENDENT,BEAM S/A,30,6,7.84,"BEAM S/A, ABSORBER ASSY, SHOCK FR LH, AXLE ASSY, FR LH",I_14 -> I_15 -> EG_L1 -> EG_L2 -> EG_L3 -> CL1 -> CL2,CL2 -> CL3 -> CL4 -> CL5 -> CL6 -> CL7 -> I_16 -> I_20 -> TR1 -> TR2 -> TR3 -> TR4 -> TR5 -> TR6 -> TR7 -> TR8 -> TR9 -> TR10 -> I_19 -> I_14
TRIP_025,2,Chassis LH,INDEPENDENT,SUB - FRAME FR,10,9,7.04,SUB - FRAME FR,I_14 -> I_15 -> EG_L1 -> EG_L2 -> EG_L3 -> CL1 -> CL2 -> CL3 -> CL4 -> CL5 -> CL6 -> CL7,CL7 -> I_16 -> I_20 -> TR1 -> TR2 -> TR3 -> TR4 -> TR5 -> TR6 -> TR7 -> TR8 -> TR9 -> TR10 -> I_19 -> I_14
TRIP_019,2,Chassis LH,INDEPENDENT,RR SUSP'N AND STABILIZER BAR,30,12,7.84,"RR SUSP'N AND STABILIZER BAR, STEERING LINK, LOWER ARM",I_14 -> I_15 -> EG_L1 -> EG_L2 -> EG_L3 -> CL1 -> CL2 -> CL3 -> CL4 -> CL5 -> CL6 -> CL7,CL7 -> I_16 -> I_20 -> TR1 -> TR2 -> TR3 -> TR4 -> TR5 -> TR6 -> TR7 -> TR8 -> TR9 -> TR10 -> I_19 -> I_14
TRIP_117,2,Trimline RH,AISLE_B,CONDENSER,30,15,10.46,"CONDENSER, CARPET, DASH PNL INSULATOR",Bulky_1 -> SML_Dr -> SML_St -> I_21 -> I_19 -> EG_R1 -> EG_R2 -> EG_R3 -> CR1 -> CR2 -> CR3 -> CR4 -> CR5 -> CR6 -> CR7 -> I_20 -> TR1 -> TR2,TR2 -> TR3 -> TR4 -> TR5 -> TR6 -> TR7 -> TR8 -> TR9 -> TR10 -> I_19 -> I_21 -> SML_St -> SML_Dr -> Bulky_1
TRIP_065,2,Final LH,INDEPENDENT,SEAT ASSY,3,24,10.2,SEAT ASSY,Bulky_2 -> Bulky_1 -> SML_Dr -> I_26 -> I_27 -> I_25 -> FL1 -> FL2 -> FL3 -> FL4 -> FL5 -> FL6,FL6 -> FL7 -> FL8 -> FL9 -> I_24 -> SML_Dr -> Bulky_1 -> Bulky_2
TRIP_066,2,Final LH,INDEPENDENT,SEAT ASSY,3,45,10.2,SEAT ASSY,Bulky_2 -> Bulky_1 -> SML_Dr -> I_26 -> I_27 -> I_25 -> FL1 -> FL2 -> FL3 -> FL4 -> FL5 -> FL6,FL6 -> FL7 -> FL8 -> FL9 -> I_24 -> SML_Dr -> Bulky_1 -> Bulky_2
TRIP_067,2,Final LH,INDEPENDENT,SEAT ASSY,3,69,10.2,SEAT ASSY,Bulky_2 -> Bulky_1 -> SML_Dr -> I_26 -> I_27 -> I_25 -> FL1 -> FL2 -> FL3 -> FL4 -> FL5 -> FL6,FL6 -> FL7 -> FL8 -> FL9 -> I_24 -> SML_Dr -> Bulky_1 -> Bulky_2
TRIP_008,2,Chassis LH,INDEPENDENT,BEAM S/A,30,75,7.84,"BEAM S/A, ABSORBER ASSY, SHOCK FR LH, AXLE ASSY, FR LH",I_14 -> I_15 -> EG_L1 -> EG_L2 -> EG_L3 -> CL1 -> CL2,CL2 -> CL3 -> CL4 -> CL5 -> CL6 -> CL7 -> I_16 -> I_20 -> TR1 -> TR2 -> TR3 -> TR4 -> TR5 -> TR6 -> TR7 -> TR8 -> TR9 -> TR10 -> I_19 -> I_14
TRIP_020,2,Chassis LH,INDEPENDENT,RR SUSP'N AND STABILIZER BAR,30,78,7.84,"RR SUSP'N AND STABILIZER BAR, STEERING LINK, LOWER ARM",I_14 -> I_15 -> EG_L1 -> EG_L2 -> EG_L3 -> CL1 -> CL2 -> CL3 -> CL4 -> CL5 -> CL6 -> CL7,CL7 -> I_16 -> I_20 -> TR1 -> TR2 -> TR3 -> TR4 -> TR5 -> TR6 -> TR7 -> TR8 -> TR9 -> TR10 -> I_19 -> I_14
TRIP_026,2,Chassis LH,INDEPENDENT,SUB - FRAME FR,10,81,7.04,SUB - FRAME FR,I_14 -> I_15 -> EG_L1 -> EG_L2 -> EG_L3 -> CL1 -> CL2 -> CL3 -> CL4 -> CL5 -> CL6 -> CL7,CL7 -> I_16 -> I_20 -> TR1 -> TR2 -> TR3 -> TR4 -> TR5 -> TR6 -> TR7 -> TR8 -> TR9 -> TR10 -> I_19 -> I_14
TRIP_118,2,Trimline RH,AISLE_B,CONDENSER,30,84,10.46,"CONDENSER, CARPET, DASH PNL INSULATOR",Bulky_1 -> SML_Dr -> SML_St -> I_21 -> I_19 -> EG_R1 -> EG_R2 -> EG_R3 -> CR1 -> CR2 -> CR3 -> CR4 -> CR5 -> CR6 -> CR7 -> I_20 -> TR1 -> TR2,TR2 -> TR3 -> TR4 -> TR5 -> TR6 -> TR7 -> TR8 -> TR9 -> TR10 -> I_19 -> I_21 -> SML_St -> SML_Dr -> Bulky_1
TRIP_014,2,Chassis LH,INDEPENDENT,FLOOR TUBES,30,87,12.13,"FLOOR TUBES, CHASSIS LH 1 - 9 , ENGINE 1 - 3, COIL SPRING FR/RR LH",Bulky_2 -> I_17 -> I_18 -> I_15 -> EG_L1 -> EG_L2 -> EG_L3 -> CL1 -> CL2 -> CL3 -> CL4,CL4 -> CL5 -> CL6 -> CL7 -> I_16 -> I_20 -> TR1 -> TR2 -> TR3 -> TR4 -> TR5 -> TR6 -> TR7 -> TR8 -> TR9 -> TR10 -> I_19 -> I_21 -> SML_St -> SML_Dr -> Bulky_1 -> Bulky_2
TRIP_068,2,Final LH,INDEPENDENT,SEAT ASSY,3,90,10.2,SEAT ASSY,Bulky_2 -> Bulky_1 -> SML_Dr -> I_26 -> I_27 -> I_25 -> FL1 -> FL2 -> FL3 -> FL4 -> FL5 -> FL6,FL6 -> FL7 -> FL8 -> FL9 -> I_24 -> SML_Dr -> Bulky_1 -> Bulky_2
TRIP_069,2,Final LH,INDEPENDENT,SEAT ASSY,3,114,10.2,SEAT ASSY,Bulky_2 -> Bulky_1 -> SML_Dr -> I_26 -> I_27 -> I_25 -> FL1 -> FL2 -> FL3 -> FL4 -> FL5 -> FL6,FL6 -> FL7 -> FL8 -> FL9 -> I_24 -> SML_Dr -> Bulky_1 -> Bulky_2
TRIP_070,2,Final LH,INDEPENDENT,SEAT ASSY,3,135,10.2,SEAT ASSY,Bulky_2 -> Bulky_1 -> SML_Dr -> I_26 -> I_27 -> I_25 -> FL1 -> FL2 -> FL3 -> FL4 -> FL5 -> FL6,FL6 -> FL7 -> FL8 -> FL9 -> I_24 -> SML_Dr -> Bulky_1 -> Bulky_2
TRIP_009,2,Chassis LH,INDEPENDENT,BEAM S/A,30,150,7.84,"BEAM S/A, ABSORBER ASSY, SHOCK FR LH, AXLE ASSY, FR LH",I_14 -> I_15 -> EG_L1 -> EG_L2 -> EG_L3 -> CL1 -> CL2,CL2 -> CL3 -> CL4 -> CL5 -> CL6 -> CL7 -> I_16 -> I_20 -> TR1 -> TR2 -> TR3 -> TR4 -> TR5 -> TR6 -> TR7 -> TR8 -> TR9 -> TR10 -> I_19 -> I_14
TRIP_060,2,Final LH,INDEPENDENT,SPARE WHEEL COVER,23,153,11.0,"SPARE WHEEL COVER, LUGGAGE MAT, SEAT ASSY",Bulky_2 -> Bulky_1 -> SML_Dr -> I_26 -> I_27 -> I_25 -> FL1 -> FL2 -> FL3 -> FL4 -> FL5 -> FL6,FL6 -> FL7 -> FL8 -> FL9 -> I_24 -> SML_Dr -> Bulky_1 -> Bulky_2
TRIP_015,2,Chassis LH,INDEPENDENT,FLOOR TUBES,30,156,12.13,"FLOOR TUBES, CHASSIS LH 1 - 9 , ENGINE 1 - 3, COIL SPRING FR/RR LH",Bulky_2 -> I_17 -> I_18 -> I_15 -> EG_L1 -> EG_L2 -> EG_L3 -> CL1 -> CL2 -> CL3 -> CL4,CL4 -> CL5 -> CL6 -> CL7 -> I_16 -> I_20 -> TR1 -> TR2 -> TR3 -> TR4 -> TR5 -> TR6 -> TR7 -> TR8 -> TR9 -> TR10 -> I_19 -> I_21 -> SML_St -> SML_Dr -> Bulky_1 -> Bulky_2
TRIP_021,2,Chassis LH,INDEPENDENT,RR SUSP'N AND STABILIZER BAR,30,159,7.84,"RR SUSP'N AND STABILIZER BAR, STEERING LINK, LOWER ARM",I_14 -> I_15 -> EG_L1 -> EG_L2 -> EG_L3 -> CL1 -> CL2 -> CL3 -> CL4 -> CL5 -> CL6 -> CL7,CL7 -> I_16 -> I_20 -> TR1 -> TR2 -> TR3 -> TR4 -> TR5 -> TR6 -> TR7 -> TR8 -> TR9 -> TR10 -> I_19 -> I_14
TRIP_027,2,Chassis LH,INDEPENDENT,SUB - FRAME FR,10,162,7.04,SUB - FRAME FR,I_14 -> I_15 -> EG_L1 -> EG_L2 -> EG_L3 -> CL1 -> CL2 -> CL3 -> CL4 -> CL5 -> CL6 -> CL7,CL7 -> I_16 -> I_20 -> TR1 -> TR2 -> TR3 -> TR4 -> TR5 -> TR6 -> TR7 -> TR8 -> TR9 -> TR10 -> I_19 -> I_14
TRIP_119,2,Trimline RH,AISLE_B,CONDENSER,30,165,10.46,"CONDENSER, CARPET, DASH PNL INSULATOR",Bulky_1 -> SML_Dr -> SML_St -> I_21 -> I_19 -> EG_R1 -> EG_R2 -> EG_R3 -> CR1 -> CR2 -> CR3 -> CR4 -> CR5 -> CR6 -> CR7 -> I_20 -> TR1 -> TR2,TR2 -> TR3 -> TR4 -> TR5 -> TR6 -> TR7 -> TR8 -> TR9 -> TR10 -> I_19 -> I_21 -> SML_St -> SML_Dr -> Bulky_1
TRIP_071,2,Final LH,INDEPENDENT,SEAT ASSY,3,168,10.2,SEAT ASSY,Bulky_2 -> Bulky_1 -> SML_Dr -> I_26 -> I_27 -> I_25 -> FL1 -> FL2 -> FL3 -> FL4 -> FL5 -> FL6,FL6 -> FL7 -> FL8 -> FL9 -> I_24 -> SML_Dr -> Bulky_1 -> Bulky_2
TRIP_072,2,Final LH,INDEPENDENT,SEAT ASSY,3,180,10.2,SEAT ASSY,Bulky_2 -> Bulky_1 -> SML_Dr -> I_26 -> I_27 -> I_25 -> FL1 -> FL2 -> FL3 -> FL4 -> FL5 -> FL6,FL6 -> FL7 -> FL8 -> FL9 -> I_24 -> SML_Dr -> Bulky_1 -> Bulky_2
TRIP_073,2,Final LH,INDEPENDENT,SEAT ASSY,3,204,10.2,SEAT ASSY,Bulky_2 -> Bulky_1 -> SML_Dr -> I_26 -> I_27 -> I_25 -> FL1 -> FL2 -> FL3 -> FL4 -> FL5 -> FL6,FL6 -> FL7 -> FL8 -> FL9 -> I_24 -> SML_Dr -> Bulky_1 -> Bulky_2
TRIP_074,2,Final LH,INDEPENDENT,SEAT ASSY,3,225,10.2,SEAT ASSY,Bulky_2 -> Bulky_1 -> SML_Dr -> I_26 -> I_27 -> I_25 -> FL1 -> FL2 -> FL3 -> FL4 -> FL5 -> FL6,FL6 -> FL7 -> FL8 -> FL9 -> I_24 -> SML_Dr -> Bulky_1 -> Bulky_2
TRIP_120,2,Trimline RH,AISLE_B,CONDENSER,30,228,10.46,"CONDENSER, CARPET, DASH PNL INSULATOR",Bulky_1 -> SML_Dr -> SML_St -> I_21 -> I_19 -> EG_R1 -> EG_R2 -> EG_R3 -> CR1 -> CR2 -> CR3 -> CR4 -> CR5 -> CR6 -> CR7 -> I_20 -> TR1 -> TR2,TR2 -> TR3 -> TR4 -> TR5 -> TR6 -> TR7 -> TR8 -> TR9 -> TR10 -> I_19 -> I_21 -> SML_St -> SML_Dr -> Bulky_1
TRIP_022,2,Chassis LH,INDEPENDENT,RR SUSP'N AND STABILIZER BAR,30,231,7.84,"RR SUSP'N AND STABILIZER BAR, STEERING LINK, LOWER ARM",I_14 -> I_15 -> EG_L1 -> EG_L2 -> EG_L3 -> CL1 -> CL2 -> CL3 -> CL4 -> CL5 -> CL6 -> CL7,CL7 -> I_16 -> I_20 -> TR1 -> TR2 -> TR3 -> TR4 -> TR5 -> TR6 -> TR7 -> TR8 -> TR9 -> TR10 -> I_19 -> I_14
TRIP_028,2,Chassis LH,INDEPENDENT,SUB - FRAME FR,10,234,7.04,SUB - FRAME FR,I_14 -> I_15 -> EG_L1 -> EG_L2 -> EG_L3 -> CL1 -> CL2 -> CL3 -> CL4 -> CL5 -> CL6 -> CL7,CL7 -> I_16 -> I_20 -> TR1 -> TR2 -> TR3 -> TR4 -> TR5 -> TR6 -> TR7 -> TR8 -> TR9 -> TR10 -> I_19 -> I_14
TRIP_010,2,Chassis LH,INDEPENDENT,BEAM S/A,30,237,7.84,"BEAM S/A, ABSORBER ASSY, SHOCK FR LH, AXLE ASSY, FR LH",I_14 -> I_15 -> EG_L1 -> EG_L2 -> EG_L3 -> CL1 -> CL2,CL2 -> CL3 -> CL4 -> CL5 -> CL6 -> CL7 -> I_16 -> I_20 -> TR1 -> TR2 -> TR3 -> TR4 -> TR5 -> TR6 -> TR7 -> TR8 -> TR9 -> TR10 -> I_19 -> I_14
TRIP_016,2,Chassis LH,INDEPENDENT,FLOOR TUBES,30,240,12.13,"FLOOR TUBES, CHASSIS LH 1 - 9 , ENGINE 1 - 3, COIL SPRING FR/RR LH",Bulky_2 -> I_17 -> I_18 -> I_15 -> EG_L1 -> EG_L2 -> EG_L3 -> CL1 -> CL2 -> CL3 -> CL4,CL4 -> CL5 -> CL6 -> CL7 -> I_16 -> I_20 -> TR1 -> TR2 -> TR3 -> TR4 -> TR5 -> TR6 -> TR7 -> TR8 -> TR9 -> TR10 -> I_19 -> I_21 -> SML_St -> SML_Dr -> Bulky_1 -> Bulky_2
TRIP_061,2,Final LH,INDEPENDENT,SPARE WHEEL COVER,53,243,11.0,"SPARE WHEEL COVER, SEAT ASSY, WINDSHIELD GLASS",Bulky_2 -> Bulky_1 -> SML_Dr -> I_26 -> I_27 -> I_25 -> FL1 -> FL2 -> FL3 -> FL4 -> FL5 -> FL6,FL6 -> FL7 -> FL8 -> FL9 -> I_24 -> SML_Dr -> Bulky_1 -> Bulky_2
TRIP_023,2,Chassis LH,INDEPENDENT,RR SUSP'N AND STABILIZER BAR,30,300,7.84,"RR SUSP'N AND STABILIZER BAR, STEERING LINK, LOWER ARM",I_14 -> I_15 -> EG_L1 -> EG_L2 -> EG_L3 -> CL1 -> CL2 -> CL3 -> CL4 -> CL5 -> CL6 -> CL7,CL7 -> I_16 -> I_20 -> TR1 -> TR2 -> TR3 -> TR4 -> TR5 -> TR6 -> TR7 -> TR8 -> TR9 -> TR10 -> I_19 -> I_14
TRIP_062,2,Final LH,INDEPENDENT,SPARE WHEEL COVER,53,303,11.0,"SPARE WHEEL COVER, SEAT ASSY, WINDSHIELD GLASS",Bulky_2 -> Bulky_1 -> SML_Dr -> I_26 -> I_27 -> I_25 -> FL1 -> FL2 -> FL3 -> FL4 -> FL5 -> FL6,FL6 -> FL7 -> FL8 -> FL9 -> I_24 -> SML_Dr -> Bulky_1 -> Bulky_2
TRIP_011,2,Chassis LH,INDEPENDENT,BEAM S/A,30,306,7.84,"BEAM S/A, ABSORBER ASSY, SHOCK FR LH, AXLE ASSY, FR LH",I_14 -> I_15 -> EG_L1 -> EG_L2 -> EG_L3 -> CL1 -> CL2,CL2 -> CL3 -> CL4 -> CL5 -> CL6 -> CL7 -> I_16 -> I_20 -> TR1 -> TR2 -> TR3 -> TR4 -> TR5 -> TR6 -> TR7 -> TR8 -> TR9 -> TR10 -> I_19 -> I_14
TRIP_029,2,Chassis LH,INDEPENDENT,SUB - FRAME FR,10,309,7.04,SUB - FRAME FR,I_14 -> I_15 -> EG_L1 -> EG_L2 -> EG_L3 -> CL1 -> CL2 -> CL3 -> CL4 -> CL5 -> CL6 -> CL7,CL7 -> I_16 -> I_20 -> TR1 -> TR2 -> TR3 -> TR4 -> TR5 -> TR6 -> TR7 -> TR8 -> TR9 -> TR10 -> I_19 -> I_14
TRIP_017,2,Chassis LH,INDEPENDENT,FLOOR TUBES,30,312,12.13,"FLOOR TUBES, CHASSIS LH 1 - 9 , ENGINE 1 - 3, COIL SPRING FR/RR LH",Bulky_2 -> I_17 -> I_18 -> I_15 -> EG_L1 -> EG_L2 -> EG_L3 -> CL1 -> CL2 -> CL3 -> CL4,CL4 -> CL5 -> CL6 -> CL7 -> I_16 -> I_20 -> TR1 -> TR2 -> TR3 -> TR4 -> TR5 -> TR6 -> TR7 -> TR8 -> TR9 -> TR10 -> I_19 -> I_21 -> SML_St -> SML_Dr -> Bulky_1 -> Bulky_2
TRIP_121,2,Trimline RH,AISLE_B,CONDENSER,30,318,10.46,"CONDENSER, CARPET, DASH PNL INSULATOR",Bulky_1 -> SML_Dr -> SML_St -> I_21 -> I_19 -> EG_R1 -> EG_R2 -> EG_R3 -> CR1 -> CR2 -> CR3 -> CR4 -> CR5 -> CR6 -> CR7 -> I_20 -> TR1 -> TR2,TR2 -> TR3 -> TR4 -> TR5 -> TR6 -> TR7 -> TR8 -> TR9 -> TR10 -> I_19 -> I_21 -> SML_St -> SML_Dr -> Bulky_1
TRIP_012,2,Chassis LH,INDEPENDENT,BEAM S/A,30,375,7.84,"BEAM S/A, ABSORBER ASSY, SHOCK FR LH, AXLE ASSY, FR LH",I_14 -> I_15 -> EG_L1 -> EG_L2 -> EG_L3 -> CL1 -> CL2,CL2 -> CL3 -> CL4 -> CL5 -> CL6 -> CL7 -> I_16 -> I_20 -> TR1 -> TR2 -> TR3 -> TR4 -> TR5 -> TR6 -> TR7 -> TR8 -> TR9 -> TR10 -> I_19 -> I_14
TRIP_063,2,Final LH,INDEPENDENT,SPARE WHEEL COVER,13,378,10.6,"SPARE WHEEL COVER, SEAT ASSY",Bulky_2 -> Bulky_1 -> SML_Dr -> I_26 -> I_27 -> I_25 -> FL1 -> FL2 -> FL3 -> FL4 -> FL5 -> FL6,FL6 -> FL7 -> FL8 -> FL9 -> I_24 -> SML_Dr -> Bulky_1 -> Bulky_2
TRIP_030,2,Chassis LH,INDEPENDENT,SUB - FRAME FR,10,381,7.04,SUB - FRAME FR,I_14 -> I_15 -> EG_L1 -> EG_L2 -> EG_L3 -> CL1 -> CL2 -> CL3 -> CL4 -> CL5 -> CL6 -> CL7,CL7 -> I_16 -> I_20 -> TR1 -> TR2 -> TR3 -> TR4 -> TR5 -> TR6 -> TR7 -> TR8 -> TR9 -> TR10 -> I_19 -> I_14
TRIP_018,2,Chassis LH,INDEPENDENT,FLOOR TUBES,30,384,12.13,"FLOOR TUBES, CHASSIS LH 1 - 9 , ENGINE 1 - 3, COIL SPRING FR/RR LH",Bulky_2 -> I_17 -> I_18 -> I_15 -> EG_L1 -> EG_L2 -> EG_L3 -> CL1 -> CL2 -> CL3 -> CL4,CL4 -> CL5 -> CL6 -> CL7 -> I_16 -> I_20 -> TR1 -> TR2 -> TR3 -> TR4 -> TR5 -> TR6 -> TR7 -> TR8 -> TR9 -> TR10 -> I_19 -> I_21 -> SML_St -> SML_Dr -> Bulky_1 -> Bulky_2
TRIP_024,2,Chassis LH,INDEPENDENT,RR SUSP'N AND STABILIZER BAR,30,387,7.84,"RR SUSP'N AND STABILIZER BAR, STEERING LINK, LOWER ARM",I_14 -> I_15 -> EG_L1 -> EG_L2 -> EG_L3 -> CL1 -> CL2 -> CL3 -> CL4 -> CL5 -> CL6 -> CL7,CL7 -> I_16 -> I_20 -> TR1 -> TR2 -> TR3 -> TR4 -> TR5 -> TR6 -> TR7 -> TR8 -> TR9 -> TR10 -> I_19 -> I_14
TRIP_123,3,Trimline RH,AISLE_B,"DR TRIM FR/RR, RH",40,0,11.14,"DR TRIM FR/RR, RH, H- VAC, DR GLASS, FR/RR, RH",Bulky_2 -> I_17 -> I_13 -> I_14 -> I_19 -> EG_R1 -> EG_R2 -> EG_R3 -> CR1 -> CR2 -> CR3 -> CR4 -> CR5 -> CR6 -> CR7 -> I_20 -> TR1,TR1 -> TR2 -> TR3 -> TR4 -> TR5 -> TR6 -> TR7 -> TR8 -> TR9 -> TR10 -> I_19 -> I_21 -> SML_St -> SML_Dr -> Bulky_1 -> Bulky_2
TRIP_031,3,Chassis RH,AISLE_B,"AXLE ASSY, FR RH",30,3,9.39,"AXLE ASSY, FR RH, CHASSIS RH 1 -9, ABSORBER ASSY, SHOCK FR RH",SML_St -> I_21 -> I_19 -> EG_R1 -> EG_R2 -> EG_R3 -> CR1 -> CR2 -> CR3 -> CR4 -> CR5,CR5 -> CR6 -> CR7 -> I_20 -> TR1 -> TR2 -> TR3 -> TR4 -> TR5 -> TR6 -> TR7 -> TR8 -> TR9 -> TR10 -> I_19 -> I_21 -> SML_St
TRIP_037,3,Chassis RH,AISLE_B,FUEL TANK,30,6,11.14,"FUEL TANK, EXHAUST PIPE, COIL SPRING FR/RR RH",Bulky_2 -> I_17 -> I_13 -> I_14 -> I_19 -> EG_R1 -> EG_R2 -> EG_R3 -> CR1 -> CR2 -> CR3 -> CR4 -> CR5 -> CR6 -> CR7,CR7 -> I_20 -> TR1 -> TR2 -> TR3 -> TR4 -> TR5 -> TR6 -> TR7 -> TR8 -> TR9 -> TR10 -> I_19 -> I_21 -> SML_St -> SML_Dr -> Bulky_1 -> Bulky_2
TRIP_129,3,Trimline RH,AISLE_B,TRIM - 1 RH 9 - 12,30,9,11.3,"TRIM - 1 RH 9 - 12, TRIM - 1 RH 1 - 8, HEADLINING",SML_Dr -> SML_St -> I_21 -> I_19 -> EG_R1 -> EG_R2 -> EG_R3 -> CR1 -> CR2 -> CR3 -> CR4 -> CR5 -> CR6 -> CR7 -> I_20 -> TR1 -> TR2 -> TR3 -> TR4 -> TR5,TR5 -> TR6 -> TR7 -> TR8 -> TR9 -> TR10 -> I_19 -> I_21 -> SML_St -> SML_Dr
TRIP_081,3,Trim Zero,INDEPENDENT,WEATHERSTRIP,10,12,11.31,WEATHERSTRIP,Bulky_2 -> I_17 -> I_18 -> I_15 -> EG_L1 -> EG_L2 -> EG_L3 -> CL1 -> CL2 -> CL3 -> CL4 -> CL5 -> CL6 -> CL7 -> I_16 -> I_12 -> T0,T0 -> I_12 -> I_16 -> I_20 -> TR1 -> TR2 -> TR3 -> TR4 -> TR5 -> TR6 -> TR7 -> TR8 -> TR9 -> TR10 -> I_19 -> I_21 -> SML_St -> SML_Dr -> Bulky_1 -> Bulky_2
TRIP_075,3,Final RH,AISLE_A,FINAL RH 1 - 3,30,15,13.05,"FINAL RH 1 - 3, FINAL RH 4 - 8, SPARE WHEEL",Bulky_2 -> I_17 -> I_13 -> I_14 -> I_19 -> EG_R1 -> EG_R2 -> EG_R3 -> CR1 -> CR2 -> CR3 -> CR4 -> CR5 -> CR6 -> CR7 -> I_20 -> I_22 -> FR1 -> FR2,FR2 -> FR3 -> FR4 -> FR5 -> FR6 -> FR7 -> FR8 -> FR9 -> I_21 -> SML_St -> SML_Dr -> Bulky_1 -> Bulky_2
TRIP_001,3,AC_Bldg,INDEPENDENT,SIDE SKIRT ( PAINTED ),20,18,10.86,"SIDE SKIRT ( PAINTED ), RADIO PARTS",SML_Dr -> I_26 -> I_27 -> AC_B,AC_B -> I_27 -> I_26 -> SML_Dr
TRIP_124,3,Trimline RH,AISLE_B,"DR TRIM FR/RR, RH",40,75,11.14,"DR TRIM FR/RR, RH, H- VAC, DR GLASS, FR/RR, RH",Bulky_2 -> I_17 -> I_13 -> I_14 -> I_19 -> EG_R1 -> EG_R2 -> EG_R3 -> CR1 -> CR2 -> CR3 -> CR4 -> CR5 -> CR6 -> CR7 -> I_20 -> TR1,TR1 -> TR2 -> TR3 -> TR4 -> TR5 -> TR6 -> TR7 -> TR8 -> TR9 -> TR10 -> I_19 -> I_21 -> SML_St -> SML_Dr -> Bulky_1 -> Bulky_2
TRIP_130,3,Trimline RH,AISLE_B,TRIM - 1 RH 9 - 12,30,78,11.3,"TRIM - 1 RH 9 - 12, TRIM - 1 RH 1 - 8, HEADLINING",SML_Dr -> SML_St -> I_21 -> I_19 -> EG_R1 -> EG_R2 -> EG_R3 -> CR1 -> CR2 -> CR3 -> CR4 -> CR5 -> CR6 -> CR7 -> I_20 -> TR1 -> TR2 -> TR3 -> TR4 -> TR5,TR5 -> TR6 -> TR7 -> TR8 -> TR9 -> TR10 -> I_19 -> I_21 -> SML_St -> SML_Dr
TRIP_076,3,Final RH,AISLE_A,FINAL RH 1 - 3,30,81,13.05,"FINAL RH 1 - 3, FINAL RH 4 - 8, SPARE WHEEL",Bulky_2 -> I_17 -> I_13 -> I_14 -> I_19 -> EG_R1 -> EG_R2 -> EG_R3 -> CR1 -> CR2 -> CR3 -> CR4 -> CR5 -> CR6 -> CR7 -> I_20 -> I_22 -> FR1 -> FR2,FR2 -> FR3 -> FR4 -> FR5 -> FR6 -> FR7 -> FR8 -> FR9 -> I_21 -> SML_St -> SML_Dr -> Bulky_1 -> Bulky_2
TRIP_082,3,Trim Zero,INDEPENDENT,WEATHERSTRIP,10,84,11.31,WEATHERSTRIP,Bulky_2 -> I_17 -> I_18 -> I_15 -> EG_L1 -> EG_L2 -> EG_L3 -> CL1 -> CL2 -> CL3 -> CL4 -> CL5 -> CL6 -> CL7 -> I_16 -> I_12 -> T0,T0 -> I_12 -> I_16 -> I_20 -> TR1 -> TR2 -> TR3 -> TR4 -> TR5 -> TR6 -> TR7 -> TR8 -> TR9 -> TR10 -> I_19 -> I_21 -> SML_St -> SML_Dr -> Bulky_1 -> Bulky_2
TRIP_038,3,Chassis RH,AISLE_B,FUEL TANK,30,87,11.14,"FUEL TANK, EXHAUST PIPE, COIL SPRING FR/RR RH",Bulky_2 -> I_17 -> I_13 -> I_14 -> I_19 -> EG_R1 -> EG_R2 -> EG_R3 -> CR1 -> CR2 -> CR3 -> CR4 -> CR5 -> CR6 -> CR7,CR7 -> I_20 -> TR1 -> TR2 -> TR3 -> TR4 -> TR5 -> TR6 -> TR7 -> TR8 -> TR9 -> TR10 -> I_19 -> I_21 -> SML_St -> SML_Dr -> Bulky_1 -> Bulky_2
TRIP_032,3,Chassis RH,AISLE_B,"AXLE ASSY, FR RH",30,90,9.39,"AXLE ASSY, FR RH, CHASSIS RH 1 -9, ABSORBER ASSY, SHOCK FR RH",SML_St -> I_21 -> I_19 -> EG_R1 -> EG_R2 -> EG_R3 -> CR1 -> CR2 -> CR3 -> CR4 -> CR5,CR5 -> CR6 -> CR7 -> I_20 -> TR1 -> TR2 -> TR3 -> TR4 -> TR5 -> TR6 -> TR7 -> TR8 -> TR9 -> TR10 -> I_19 -> I_21 -> SML_St
TRIP_033,3,Chassis RH,AISLE_B,"AXLE ASSY, FR RH",30,150,9.39,"AXLE ASSY, FR RH, CHASSIS RH 1 -9, ABSORBER ASSY, SHOCK FR RH",SML_St -> I_21 -> I_19 -> EG_R1 -> EG_R2 -> EG_R3 -> CR1 -> CR2 -> CR3 -> CR4 -> CR5,CR5 -> CR6 -> CR7 -> I_20 -> TR1 -> TR2 -> TR3 -> TR4 -> TR5 -> TR6 -> TR7 -> TR8 -> TR9 -> TR10 -> I_19 -> I_21 -> SML_St
TRIP_083,3,Trim Zero,INDEPENDENT,WEATHERSTRIP,10,153,11.31,WEATHERSTRIP,Bulky_2 -> I_17 -> I_18 -> I_15 -> EG_L1 -> EG_L2 -> EG_L3 -> CL1 -> CL2 -> CL3 -> CL4 -> CL5 -> CL6 -> CL7 -> I_16 -> I_12 -> T0,T0 -> I_12 -> I_16 -> I_20 -> TR1 -> TR2 -> TR3 -> TR4 -> TR5 -> TR6 -> TR7 -> TR8 -> TR9 -> TR10 -> I_19 -> I_21 -> SML_St -> SML_Dr -> Bulky_1 -> Bulky_2
TRIP_077,3,Final RH,AISLE_A,FINAL RH 1 - 3,30,156,13.05,"FINAL RH 1 - 3, FINAL RH 4 - 8, SPARE WHEEL",Bulky_2 -> I_17 -> I_13 -> I_14 -> I_19 -> EG_R1 -> EG_R2 -> EG_R3 -> CR1 -> CR2 -> CR3 -> CR4 -> CR5 -> CR6 -> CR7 -> I_20 -> I_22 -> FR1 -> FR2,FR2 -> FR3 -> FR4 -> FR5 -> FR6 -> FR7 -> FR8 -> FR9 -> I_21 -> SML_St -> SML_Dr -> Bulky_1 -> Bulky_2
TRIP_039,3,Chassis RH,AISLE_B,FUEL TANK,30,159,11.14,"FUEL TANK, EXHAUST PIPE, COIL SPRING FR/RR RH",Bulky_2 -> I_17 -> I_13 -> I_14 -> I_19 -> EG_R1 -> EG_R2 -> EG_R3 -> CR1 -> CR2 -> CR3 -> CR4 -> CR5 -> CR6 -> CR7,CR7 -> I_20 -> TR1 -> TR2 -> TR3 -> TR4 -> TR5 -> TR6 -> TR7 -> TR8 -> TR9 -> TR10 -> I_19 -> I_21 -> SML_St -> SML_Dr -> Bulky_1 -> Bulky_2
TRIP_125,3,Trimline RH,AISLE_B,"DR TRIM FR/RR, RH",40,162,11.14,"DR TRIM FR/RR, RH, H- VAC, DR GLASS, FR/RR, RH",Bulky_2 -> I_17 -> I_13 -> I_14 -> I_19 -> EG_R1 -> EG_R2 -> EG_R3 -> CR1 -> CR2 -> CR3 -> CR4 -> CR5 -> CR6 -> CR7 -> I_20 -> TR1,TR1 -> TR2 -> TR3 -> TR4 -> TR5 -> TR6 -> TR7 -> TR8 -> TR9 -> TR10 -> I_19 -> I_21 -> SML_St -> SML_Dr -> Bulky_1 -> Bulky_2
TRIP_131,3,Trimline RH,AISLE_B,TRIM - 1 RH 9 - 12,30,168,11.3,"TRIM - 1 RH 9 - 12, TRIM - 1 RH 1 - 8, HEADLINING",SML_Dr -> SML_St -> I_21 -> I_19 -> EG_R1 -> EG_R2 -> EG_R3 -> CR1 -> CR2 -> CR3 -> CR4 -> CR5 -> CR6 -> CR7 -> I_20 -> TR1 -> TR2 -> TR3 -> TR4 -> TR5,TR5 -> TR6 -> TR7 -> TR8 -> TR9 -> TR10 -> I_19 -> I_21 -> SML_St -> SML_Dr
TRIP_132,3,Trimline RH,AISLE_B,TRIM - 1 RH 9 - 12,20,225,9.93,"TRIM - 1 RH 9 - 12, TRIM - 1 RH 1 - 8",SML_St -> I_21 -> I_19 -> EG_R1 -> EG_R2 -> EG_R3 -> CR1 -> CR2 -> CR3 -> CR4 -> CR5 -> CR6 -> CR7 -> I_20 -> TR1 -> TR2 -> TR3 -> TR4,TR4 -> TR5 -> TR6 -> TR7 -> TR8 -> TR9 -> TR10 -> I_19 -> I_21 -> SML_St
TRIP_084,3,Trim Zero,INDEPENDENT,WEATHERSTRIP,10,228,11.31,WEATHERSTRIP,Bulky_2 -> I_17 -> I_18 -> I_15 -> EG_L1 -> EG_L2 -> EG_L3 -> CL1 -> CL2 -> CL3 -> CL4 -> CL5 -> CL6 -> CL7 -> I_16 -> I_12 -> T0,T0 -> I_12 -> I_16 -> I_20 -> TR1 -> TR2 -> TR3 -> TR4 -> TR5 -> TR6 -> TR7 -> TR8 -> TR9 -> TR10 -> I_19 -> I_21 -> SML_St -> SML_Dr -> Bulky_1 -> Bulky_2
TRIP_078,3,Final RH,AISLE_A,FINAL RH 1 - 3,30,231,13.05,"FINAL RH 1 - 3, FINAL RH 4 - 8, SPARE WHEEL",Bulky_2 -> I_17 -> I_13 -> I_14 -> I_19 -> EG_R1 -> EG_R2 -> EG_R3 -> CR1 -> CR2 -> CR3 -> CR4 -> CR5 -> CR6 -> CR7 -> I_20 -> I_22 -> FR1 -> FR2,FR2 -> FR3 -> FR4 -> FR5 -> FR6 -> FR7 -> FR8 -> FR9 -> I_21 -> SML_St -> SML_Dr -> Bulky_1 -> Bulky_2
TRIP_126,3,Trimline RH,AISLE_B,"DR TRIM FR/RR, RH",30,234,11.14,"DR TRIM FR/RR, RH, HEADLINING, H- VAC",Bulky_2 -> I_17 -> I_13 -> I_14 -> I_19 -> EG_R1 -> EG_R2 -> EG_R3 -> CR1 -> CR2 -> CR3 -> CR4 -> CR5 -> CR6 -> CR7 -> I_20 -> TR1,TR1 -> TR2 -> TR3 -> TR4 -> TR5 -> TR6 -> TR7 -> TR8 -> TR9 -> TR10 -> I_19 -> I_21 -> SML_St -> SML_Dr -> Bulky_1 -> Bulky_2
TRIP_034,3,Chassis RH,AISLE_B,"AXLE ASSY, FR RH",30,237,9.39,"AXLE ASSY, FR RH, CHASSIS RH 1 -9, ABSORBER ASSY, SHOCK FR RH",SML_St -> I_21 -> I_19 -> EG_R1 -> EG_R2 -> EG_R3 -> CR1 -> CR2 -> CR3 -> CR4 -> CR5,CR5 -> CR6 -> CR7 -> I_20 -> TR1 -> TR2 -> TR3 -> TR4 -> TR5 -> TR6 -> TR7 -> TR8 -> TR9 -> TR10 -> I_19 -> I_21 -> SML_St
TRIP_040,3,Chassis RH,AISLE_B,FUEL TANK,30,240,11.14,"FUEL TANK, EXHAUST PIPE, COIL SPRING FR/RR RH",Bulky_2 -> I_17 -> I_13 -> I_14 -> I_19 -> EG_R1 -> EG_R2 -> EG_R3 -> CR1 -> CR2 -> CR3 -> CR4 -> CR5 -> CR6 -> CR7,CR7 -> I_20 -> TR1 -> TR2 -> TR3 -> TR4 -> TR5 -> TR6 -> TR7 -> TR8 -> TR9 -> TR10 -> I_19 -> I_21 -> SML_St -> SML_Dr -> Bulky_1 -> Bulky_2
TRIP_085,3,Trim Zero,INDEPENDENT,WEATHERSTRIP,10,300,11.31,WEATHERSTRIP,Bulky_2 -> I_17 -> I_18 -> I_15 -> EG_L1 -> EG_L2 -> EG_L3 -> CL1 -> CL2 -> CL3 -> CL4 -> CL5 -> CL6 -> CL7 -> I_16 -> I_12 -> T0,T0 -> I_12 -> I_16 -> I_20 -> TR1 -> TR2 -> TR3 -> TR4 -> TR5 -> TR6 -> TR7 -> TR8 -> TR9 -> TR10 -> I_19 -> I_21 -> SML_St -> SML_Dr -> Bulky_1 -> Bulky_2
TRIP_079,3,Final RH,AISLE_A,FINAL RH 1 - 3,30,303,13.05,"FINAL RH 1 - 3, FINAL RH 4 - 8, SPARE WHEEL",Bulky_2 -> I_17 -> I_13 -> I_14 -> I_19 -> EG_R1 -> EG_R2 -> EG_R3 -> CR1 -> CR2 -> CR3 -> CR4 -> CR5 -> CR6 -> CR7 -> I_20 -> I_22 -> FR1 -> FR2,FR2 -> FR3 -> FR4 -> FR5 -> FR6 -> FR7 -> FR8 -> FR9 -> I_21 -> SML_St -> SML_Dr -> Bulky_1 -> Bulky_2
TRIP_041,3,Chassis RH,AISLE_B,FUEL TANK,30,306,11.14,"FUEL TANK, EXHAUST PIPE, COIL SPRING FR/RR RH",Bulky_2 -> I_17 -> I_13 -> I_14 -> I_19 -> EG_R1 -> EG_R2 -> EG_R3 -> CR1 -> CR2 -> CR3 -> CR4 -> CR5 -> CR6 -> CR7,CR7 -> I_20 -> TR1 -> TR2 -> TR3 -> TR4 -> TR5 -> TR6 -> TR7 -> TR8 -> TR9 -> TR10 -> I_19 -> I_21 -> SML_St -> SML_Dr -> Bulky_1 -> Bulky_2
TRIP_133,3,Trimline RH,AISLE_B,TRIM - 1 RH 9 - 12,20,309,9.93,"TRIM - 1 RH 9 - 12, TRIM - 1 RH 1 - 8",SML_St -> I_21 -> I_19 -> EG_R1 -> EG_R2 -> EG_R3 -> CR1 -> CR2 -> CR3 -> CR4 -> CR5 -> CR6 -> CR7 -> I_20 -> TR1 -> TR2 -> TR3 -> TR4,TR4 -> TR5 -> TR6 -> TR7 -> TR8 -> TR9 -> TR10 -> I_19 -> I_21 -> SML_St
TRIP_035,3,Chassis RH,AISLE_B,"AXLE ASSY, FR RH",30,312,9.39,"AXLE ASSY, FR RH, CHASSIS RH 1 -9, ABSORBER ASSY, SHOCK FR RH",SML_St -> I_21 -> I_19 -> EG_R1 -> EG_R2 -> EG_R3 -> CR1 -> CR2 -> CR3 -> CR4 -> CR5,CR5 -> CR6 -> CR7 -> I_20 -> TR1 -> TR2 -> TR3 -> TR4 -> TR5 -> TR6 -> TR7 -> TR8 -> TR9 -> TR10 -> I_19 -> I_21 -> SML_St
TRIP_127,3,Trimline RH,AISLE_B,"DR TRIM FR/RR, RH",30,315,11.14,"DR TRIM FR/RR, RH, HEADLINING, H- VAC",Bulky_2 -> I_17 -> I_13 -> I_14 -> I_19 -> EG_R1 -> EG_R2 -> EG_R3 -> CR1 -> CR2 -> CR3 -> CR4 -> CR5 -> CR6 -> CR7 -> I_20 -> TR1,TR1 -> TR2 -> TR3 -> TR4 -> TR5 -> TR6 -> TR7 -> TR8 -> TR9 -> TR10 -> I_19 -> I_21 -> SML_St -> SML_Dr -> Bulky_1 -> Bulky_2
TRIP_128,3,Trimline RH,AISLE_B,"DR TRIM FR/RR, RH",30,375,11.14,"DR TRIM FR/RR, RH, HEADLINING, H- VAC",Bulky_2 -> I_17 -> I_13 -> I_14 -> I_19 -> EG_R1 -> EG_R2 -> EG_R3 -> CR1 -> CR2 -> CR3 -> CR4 -> CR5 -> CR6 -> CR7 -> I_20 -> TR1,TR1 -> TR2 -> TR3 -> TR4 -> TR5 -> TR6 -> TR7 -> TR8 -> TR9 -> TR10 -> I_19 -> I_21 -> SML_St -> SML_Dr -> Bulky_1 -> Bulky_2
TRIP_122,3,Trimline RH,AISLE_B,CONDENSER,30,378,10.46,"CONDENSER, CARPET, DASH PNL INSULATOR",Bulky_1 -> SML_Dr -> SML_St -> I_21 -> I_19 -> EG_R1 -> EG_R2 -> EG_R3 -> CR1 -> CR2 -> CR3 -> CR4 -> CR5 -> CR6 -> CR7 -> I_20 -> TR1 -> TR2,TR2 -> TR3 -> TR4 -> TR5 -> TR6 -> TR7 -> TR8 -> TR9 -> TR10 -> I_19 -> I_21 -> SML_St -> SML_Dr -> Bulky_1
TRIP_134,3,Trimline RH,AISLE_B,TRIM - 1 RH 9 - 12,20,381,9.93,"TRIM - 1 RH 9 - 12, TRIM - 1 RH 1 - 8",SML_St -> I_21 -> I_19 -> EG_R1 -> EG_R2 -> EG_R3 -> CR1 -> CR2 -> CR3 -> CR4 -> CR5 -> CR6 -> CR7 -> I_20 -> TR1 -> TR2 -> TR3 -> TR4,TR4 -> TR5 -> TR6 -> TR7 -> TR8 -> TR9 -> TR10 -> I_19 -> I_21 -> SML_St
TRIP_086,3,Trim Zero,INDEPENDENT,WEATHERSTRIP,10,384,11.31,WEATHERSTRIP,Bulky_2 -> I_17 -> I_18 -> I_15 -> EG_L1 -> EG_L2 -> EG_L3 -> CL1 -> CL2 -> CL3 -> CL4 -> CL5 -> CL6 -> CL7 -> I_16 -> I_12 -> T0,T0 -> I_12 -> I_16 -> I_20 -> TR1 -> TR2 -> TR3 -> TR4 -> TR5 -> TR6 -> TR7 -> TR8 -> TR9 -> TR10 -> I_19 -> I_21 -> SML_St -> SML_Dr -> Bulky_1 -> Bulky_2
TRIP_080,3,Final RH,AISLE_A,FINAL RH 1 - 3,30,387,13.05,"FINAL RH 1 - 3, FINAL RH 4 - 8, SPARE WHEEL",Bulky_2 -> I_17 -> I_13 -> I_14 -> I_19 -> EG_R1 -> EG_R2 -> EG_R3 -> CR1 -> CR2 -> CR3 -> CR4 -> CR5 -> CR6 -> CR7 -> I_20 -> I_22 -> FR1 -> FR2,FR2 -> FR3 -> FR4 -> FR5 -> FR6 -> FR7 -> FR8 -> FR9 -> I_21 -> SML_St -> SML_Dr -> Bulky_1 -> Bulky_2
TRIP_042,3,Chassis RH,AISLE_B,FUEL TANK,30,390,11.14,"FUEL TANK, EXHAUST PIPE, COIL SPRING FR/RR RH",Bulky_2 -> I_17 -> I_13 -> I_14 -> I_19 -> EG_R1 -> EG_R2 -> EG_R3 -> CR1 -> CR2 -> CR3 -> CR4 -> CR5 -> CR6 -> CR7,CR7 -> I_20 -> TR1 -> TR2 -> TR3 -> TR4 -> TR5 -> TR6 -> TR7 -> TR8 -> TR9 -> TR10 -> I_19 -> I_21 -> SML_St -> SML_Dr -> Bulky_1 -> Bulky_2
TRIP_036,3,Chassis RH,AISLE_B,"AXLE ASSY, FR RH",30,393,9.39,"AXLE ASSY, FR RH, CHASSIS RH 1 -9, ABSORBER ASSY, SHOCK FR RH",SML_St -> I_21 -> I_19 -> EG_R1 -> EG_R2 -> EG_R3 -> CR1 -> CR2 -> CR3 -> CR4 -> CR5,CR5 -> CR6 -> CR7 -> I_20 -> TR1 -> TR2 -> TR3 -> TR4 -> TR5 -> TR6 -> TR7 -> TR8 -> TR9 -> TR10 -> I_19 -> I_21 -> SML_St
TRIP_043,4,Engine RH,AISLE_B,DRIVE SHAFT,20,12,8.99,"DRIVE SHAFT, TRIM - 2 RH 1 - 3",SML_St -> I_21 -> I_19 -> EG_R1,EG_R1 -> EG_R2 -> EG_R3 -> CR1 -> CR2 -> CR3 -> CR4 -> CR5 -> CR6 -> CR7 -> I_20 -> TR1 -> TR2 -> TR3 -> TR4 -> TR5 -> TR6 -> TR7 -> TR8 -> TR9 -> TR10 -> I_19 -> I_21 -> SML_St
TRIP_002,4,AC_Bldg,INDEPENDENT,SIDE SKIRT ( PAINTED ),20,75,10.86,"SIDE SKIRT ( PAINTED ), RADIO PARTS",SML_Dr -> I_26 -> I_27 -> AC_B,AC_B -> I_27 -> I_26 -> SML_Dr
TRIP_044,4,Engine RH,AISLE_B,DRIVE SHAFT,20,81,8.99,"DRIVE SHAFT, TRIM - 2 RH 1 - 3",SML_St -> I_21 -> I_19 -> EG_R1,EG_R1 -> EG_R2 -> EG_R3 -> CR1 -> CR2 -> CR3 -> CR4 -> CR5 -> CR6 -> CR7 -> I_20 -> TR1 -> TR2 -> TR3 -> TR4 -> TR5 -> TR6 -> TR7 -> TR8 -> TR9 -> TR10 -> I_19 -> I_21 -> SML_St
TRIP_003,4,AC_Bldg,INDEPENDENT,SIDE SKIRT ( PAINTED ),20,150,10.86,"SIDE SKIRT ( PAINTED ), RADIO PARTS",SML_Dr -> I_26 -> I_27 -> AC_B,AC_B -> I_27 -> I_26 -> SML_Dr
TRIP_045,4,Engine RH,AISLE_B,DRIVE SHAFT,20,153,8.99,"DRIVE SHAFT, TRIM - 2 RH 1 - 3",SML_St -> I_21 -> I_19 -> EG_R1,EG_R1 -> EG_R2 -> EG_R3 -> CR1 -> CR2 -> CR3 -> CR4 -> CR5 -> CR6 -> CR7 -> I_20 -> TR1 -> TR2 -> TR3 -> TR4 -> TR5 -> TR6 -> TR7 -> TR8 -> TR9 -> TR10 -> I_19 -> I_21 -> SML_St
TRIP_004,4,AC_Bldg,INDEPENDENT,SIDE SKIRT ( PAINTED ),20,225,10.86,"SIDE SKIRT ( PAINTED ), RADIO PARTS",SML_Dr -> I_26 -> I_27 -> AC_B,AC_B -> I_27 -> I_26 -> SML_Dr
TRIP_046,4,Engine RH,AISLE_B,DRIVE SHAFT,20,231,8.99,"DRIVE SHAFT, TRIM - 2 RH 1 - 3",SML_St -> I_21 -> I_19 -> EG_R1,EG_R1 -> EG_R2 -> EG_R3 -> CR1 -> CR2 -> CR3 -> CR4 -> CR5 -> CR6 -> CR7 -> I_20 -> TR1 -> TR2 -> TR3 -> TR4 -> TR5 -> TR6 -> TR7 -> TR8 -> TR9 -> TR10 -> I_19 -> I_21 -> SML_St
TRIP_005,4,AC_Bldg,INDEPENDENT,SIDE SKIRT ( PAINTED ),20,300,10.86,"SIDE SKIRT ( PAINTED ), RADIO PARTS",SML_Dr -> I_26 -> I_27 -> AC_B,AC_B -> I_27 -> I_26 -> SML_Dr
TRIP_047,4,Engine RH,AISLE_B,DRIVE SHAFT,20,303,8.99,"DRIVE SHAFT, TRIM - 2 RH 1 - 3",SML_St -> I_21 -> I_19 -> EG_R1,EG_R1 -> EG_R2 -> EG_R3 -> CR1 -> CR2 -> CR3 -> CR4 -> CR5 -> CR6 -> CR7 -> I_20 -> TR1 -> TR2 -> TR3 -> TR4 -> TR5 -> TR6 -> TR7 -> TR8 -> TR9 -> TR10 -> I_19 -> I_21 -> SML_St
TRIP_006,4,AC_Bldg,INDEPENDENT,SIDE SKIRT ( PAINTED ),20,375,10.86,"SIDE SKIRT ( PAINTED ), RADIO PARTS",SML_Dr -> I_26 -> I_27 -> AC_B,AC_B -> I_27 -> I_26 -> SML_Dr
TRIP_048,4,Engine RH,AISLE_B,DRIVE SHAFT,20,384,8.99,"DRIVE SHAFT, TRIM - 2 RH 1 - 3",SML_St -> I_21 -> I_19 -> EG_R1,EG_R1 -> EG_R2 -> EG_R3 -> CR1 -> CR2 -> CR3 -> CR4 -> CR5 -> CR6 -> CR7 -> I_20 -> TR1 -> TR2 -> TR3 -> TR4 -> TR5 -> TR6 -> TR7 -> TR8 -> TR9 -> TR10 -> I_19 -> I_21 -> SML_St
